asset_id,subject_id,session_date,area,plane,n_soma,mean_OSI,median_OSI,std_OSI,q25_OSI,q75_OSI,mean_DSI,median_DSI,std_DSI,q25_DSI,q75_DSI,n_tuned
00451971-f839-4cb0-a11b-1d2e12c8ad6b,sub-839909,839909-202,VISp,VISp_0,350,0.39423330883395236,0.38763781788876944,0.1721630452930608,0.265731651752372,0.527899247718437,0.33942268247845697,0.3282061665152447,0.16610380310078562,0.2146469012635635,0.452681753853069,301
00451971-f839-4cb0-a11b-1d2e12c8ad6b,sub-839909,839909-202,VISp,VISp_1,212,0.4414881189582815,0.47004186815936444,0.17961994306526693,0.2985464445971918,0.5857427722842801,0.34997727062449363,0.34472984111521976,0.16175535993470042,0.24007919860710025,0.4688482558748719,186
00451971-f839-4cb0-a11b-1d2e12c8ad6b,sub-839909,839909-202,VISp,VISp_2,71,0.33814568473949635,0.31818222584192846,0.1701688055779907,0.20812965814095385,0.47756854587760333,0.34258890967737843,0.3339220850840657,0.1514416851720814,0.22010722243529177,0.44651011586968703,57
00451971-f839-4cb0-a11b-1d2e12c8ad6b,sub-839909,839909-202,VISp,VISp_3,153,0.3975639310394017,0.38836115960309864,0.19260717763687213,0.23940260354855614,0.5467991086298793,0.3194148751827251,0.3208527371995401,0.13880588769111432,0.22836270127791242,0.4111323535173516,126
00451971-f839-4cb0-a11b-1d2e12c8ad6b,sub-839909,839909-202,VISl,VISl_4,323,0.377792492888171,0.3596083434290873,0.18362617433986025,0.24002415816927714,0.508200959771163,0.3402614883481963,0.3184295061185994,0.16307461696244335,0.21836175588979123,0.46149467833616775,260
00451971-f839-4cb0-a11b-1d2e12c8ad6b,sub-839909,839909-202,VISl,VISl_5,206,0.4768556715142581,0.5070299620939205,0.19086842618307173,0.34070898805379435,0.6300781801617293,0.3282388778798762,0.31065857305112216,0.15129792724552404,0.21808418071215896,0.44429094842513894,181
00451971-f839-4cb0-a11b-1d2e12c8ad6b,sub-839909,839909-202,VISl,VISl_6,79,0.31862600201360997,0.2924866531962351,0.17812779450731706,0.16901277814459012,0.4376692247041529,0.2739398542347691,0.22310146271748957,0.15545493471324454,0.15229671746506002,0.37689765838927247,52
00451971-f839-4cb0-a11b-1d2e12c8ad6b,sub-839909,839909-202,VISl,VISl_7,242,0.392974901296389,0.3762129004396225,0.18336152667432526,0.24400586168613997,0.5335805455979012,0.29645856973861884,0.26643581196121674,0.1464212278910559,0.18578113647786126,0.40874816491037486,207
bef120c7-3838-4cbe-8dcc-7af7ea1dc0d9,sub-839909,839909-202,VISp,VISp_0,359,0.4041833099096918,0.41366773356939257,0.17790374229958814,0.25121871962114095,0.5320876261406704,0.33106318227528625,0.3284198881857819,0.16809874464062485,0.2010350102390311,0.4454657267906412,300
bef120c7-3838-4cbe-8dcc-7af7ea1dc0d9,sub-839909,839909-202,VISp,VISp_1,224,0.4554570046457137,0.45898665927286164,0.1844321116487113,0.32813995357831316,0.605361773844885,0.28675193357258244,0.2687292904685751,0.14866942751013823,0.17315454838082617,0.39045070404620424,201
bef120c7-3838-4cbe-8dcc-7af7ea1dc0d9,sub-839909,839909-202,VISp,VISp_2,60,0.34961140295240967,0.31451331693384554,0.18819776656430967,0.19163425277249654,0.5014311036457505,0.30545549114228976,0.26503901794063606,0.1801183061312106,0.16096835768950035,0.39765110574156276,43
bef120c7-3838-4cbe-8dcc-7af7ea1dc0d9,sub-839909,839909-202,VISp,VISp_3,180,0.4309697618327397,0.4354205431143996,0.1867120591813115,0.27688265880279433,0.5969529903431112,0.31171076111181334,0.29946743537116216,0.14843977767393052,0.21228833003671113,0.4094889860269255,157
bef120c7-3838-4cbe-8dcc-7af7ea1dc0d9,sub-839909,839909-202,VISl,VISl_4,327,0.3899178779126582,0.39103061862503524,0.1850022165539306,0.2501026243543376,0.5500132731060483,0.34731327764368153,0.32920726954133817,0.17327389578381253,0.22221965072087602,0.45616766146739207,263
bef120c7-3838-4cbe-8dcc-7af7ea1dc0d9,sub-839909,839909-202,VISl,VISl_5,204,0.49824288063989264,0.5236448592534635,0.18961964160597386,0.3761209735289508,0.6671241895979172,0.3136079742111823,0.3006832427827774,0.15153808929924376,0.18872847009410917,0.4334007625741371,189
bef120c7-3838-4cbe-8dcc-7af7ea1dc0d9,sub-839909,839909-202,VISl,VISl_6,39,0.3339496275414585,0.25654616961288934,0.17390750278872324,0.22010603217163266,0.4800470233983457,0.29562204716901913,0.28923080264595386,0.12625082746138944,0.19821898143544392,0.3768591017334671,31
bef120c7-3838-4cbe-8dcc-7af7ea1dc0d9,sub-839909,839909-202,VISl,VISl_7,244,0.3960517946510829,0.37238277185088864,0.18753153541537818,0.24831967462681093,0.5452224595675125,0.3186407723329709,0.3134103501614039,0.15535434615807353,0.1931643980765914,0.41625497283471,208
4c250fef-482a-470e-b6c2-64d8b059a4be,sub-845342,845342-202,VISp,VISp_0,257,0.44929296560964554,0.46370718609816697,0.17366286712901152,0.3166589869536049,0.5897770810029802,0.3338214240545358,0.32440501389030146,0.1550586152303444,0.22432862357093156,0.43906729182534715,235
4c250fef-482a-470e-b6c2-64d8b059a4be,sub-845342,845342-202,VISp,VISp_1,292,0.48561068776930355,0.5020966102573621,0.17860768407481303,0.3708857216492748,0.6291599753868908,0.4215855253817921,0.42634862969695925,0.18244673898307193,0.26689251671059827,0.5665815516760965,264
4c250fef-482a-470e-b6c2-64d8b059a4be,sub-845342,845342-202,VISp,VISp_2,53,0.371201258628137,0.3600830335479534,0.16184986091886547,0.2668529349707086,0.4740685813780665,0.3410005198463308,0.33833045433594133,0.1578430730433559,0.21759982697387928,0.46348251795452244,46
4c250fef-482a-470e-b6c2-64d8b059a4be,sub-845342,845342-202,VISp,VISp_3,214,0.4882731219843172,0.5301684256443457,0.19063521408121575,0.33784462462355763,0.6401117107626983,0.308347904808147,0.29749031681854926,0.15800303082009134,0.17474857206296432,0.4050336488287559,192
4c250fef-482a-470e-b6c2-64d8b059a4be,sub-845342,845342-202,VISl,VISl_4,287,0.4270847756635764,0.4357010456534077,0.17361761047067073,0.28933950343633197,0.5667930821910292,0.32895947372542067,0.314902909985932,0.15603020945435345,0.21300625613359137,0.4448312318953815,254
4c250fef-482a-470e-b6c2-64d8b059a4be,sub-845342,845342-202,VISl,VISl_5,328,0.457584299002637,0.48346328539906386,0.17192028917882704,0.31684460426748423,0.5960919194537697,0.40328374970597286,0.39906611111154466,0.17575233286364425,0.2715286676366378,0.5413907811834457,302
4c250fef-482a-470e-b6c2-64d8b059a4be,sub-845342,845342-202,VISl,VISl_6,58,0.4023132330885392,0.39951035349382535,0.17275889454915083,0.28315035336128414,0.5392373435867613,0.31823895408151576,0.334087443571482,0.14390074433436714,0.1928664018654498,0.4327553589577573,50
4c250fef-482a-470e-b6c2-64d8b059a4be,sub-845342,845342-202,VISl,VISl_7,185,0.5181465651424391,0.5480864500580919,0.1798051390820749,0.3805395285063554,0.6579910235893722,0.3102182760139531,0.29192388143455816,0.1497356724555826,0.19822782773293587,0.41397398262642426,173
4db929b5-84c3-4bb1-ba0d-019953e55c53,sub-845342,845342-202,VISp,VISp_0,265,0.4465340708044888,0.4513095509295096,0.16420778912942582,0.3486485601794485,0.5704268000401523,0.3308119209467209,0.3360907800928038,0.15797744052980017,0.2057904760651418,0.44530264510828604,245
4db929b5-84c3-4bb1-ba0d-019953e55c53,sub-845342,845342-202,VISp,VISp_1,304,0.4751804699246806,0.4929490408646635,0.16916567187515671,0.35953726259081176,0.6104452796536843,0.4391049302530524,0.4494842681720608,0.17121233320175755,0.30617794182726843,0.5784174907902744,281
4db929b5-84c3-4bb1-ba0d-019953e55c53,sub-845342,845342-202,VISp,VISp_2,63,0.3839028515426412,0.3724995224698898,0.16158888370927985,0.2504533033854189,0.5243424737000267,0.28917559265331355,0.2809218293717747,0.14286113857864277,0.1878488371358396,0.38338199518328786,56
4db929b5-84c3-4bb1-ba0d-019953e55c53,sub-845342,845342-202,VISp,VISp_3,227,0.4917408922625352,0.5318683039136913,0.18717512863928953,0.3454244579370337,0.6436142437265049,0.31889665692752595,0.30638502920021143,0.1511308472425422,0.20507948630150674,0.4252860446010258,205
4db929b5-84c3-4bb1-ba0d-019953e55c53,sub-845342,845342-202,VISl,VISl_4,297,0.41512210938115585,0.4131657017838326,0.17440836817873107,0.2829004424533102,0.558840908480529,0.34236900079510657,0.3261578144415104,0.16947566696247357,0.2125535578942088,0.4684939780438261,257
4db929b5-84c3-4bb1-ba0d-019953e55c53,sub-845342,845342-202,VISl,VISl_5,324,0.45342873906064846,0.4664638392044034,0.17279020353912827,0.32867129974081566,0.6025632182362924,0.40833329124158646,0.4057306906708804,0.17280332264278914,0.28310817926149184,0.5522435034803566,292
4db929b5-84c3-4bb1-ba0d-019953e55c53,sub-845342,845342-202,VISl,VISl_6,61,0.3888222601831961,0.36583059410666235,0.16581084131695487,0.27044461740768805,0.5273155540420564,0.29877804422540116,0.29717148153744294,0.14969386450705316,0.17983816648156542,0.3989460151319391,54
4db929b5-84c3-4bb1-ba0d-019953e55c53,sub-845342,845342-202,VISl,VISl_7,189,0.5050405217184598,0.5363202751245385,0.18882892723083272,0.3842447221393325,0.6602809822303182,0.30561763533776837,0.313997608447809,0.15879174684508948,0.18031450029671053,0.40723496019720096,172
14cb4a55-bc84-4bd0-b092-d5d2a6bb03d4,sub-839909,839909-202,VISp,VISp_0,340,0.4065870110306381,0.40134219266294924,0.16969842015524245,0.2828120357157907,0.5354186060733821,0.35043005310937314,0.3362776145503076,0.1648495080865797,0.21386073849974563,0.459103984609093,292
14cb4a55-bc84-4bd0-b092-d5d2a6bb03d4,sub-839909,839909-202,VISp,VISp_1,210,0.4720676659614596,0.4996601297090758,0.18677574530171245,0.3446674483028102,0.6284766250979956,0.2939243966670333,0.2799276701517624,0.14508430205277287,0.17700925504332168,0.396349751968198,185
14cb4a55-bc84-4bd0-b092-d5d2a6bb03d4,sub-839909,839909-202,VISp,VISp_2,96,0.3971863363039419,0.3898082543221269,0.175067800094752,0.25776001653175573,0.5478731601946811,0.3006579034221008,0.2762166098738385,0.15856693409275724,0.17441793337905204,0.40679022471464604,85
14cb4a55-bc84-4bd0-b092-d5d2a6bb03d4,sub-839909,839909-202,VISp,VISp_3,188,0.4240337873518305,0.437544907967256,0.19591726642373014,0.2555156691707814,0.5883328831659473,0.33585930723992585,0.3253428726930203,0.1552133478040864,0.2128404379136929,0.4540741238541264,157
14cb4a55-bc84-4bd0-b092-d5d2a6bb03d4,sub-839909,839909-202,VISl,VISl_4,334,0.41147044166165747,0.42123604965586137,0.1697008408160905,0.283166089725104,0.5297646593854312,0.3707791533339087,0.36353373325801863,0.16943824362645668,0.24245570817419165,0.49167595451744206,292
14cb4a55-bc84-4bd0-b092-d5d2a6bb03d4,sub-839909,839909-202,VISl,VISl_5,202,0.49709371518983947,0.5274138854992941,0.1767330649288566,0.3638075443793408,0.6338446021657075,0.310906118784005,0.3171493665115369,0.15343002295695293,0.18331586983703527,0.4192315441671141,189
14cb4a55-bc84-4bd0-b092-d5d2a6bb03d4,sub-839909,839909-202,VISl,VISl_6,80,0.40308793637430773,0.4079144720704423,0.19531064969350886,0.25175995290510433,0.5886616797149097,0.2986822341515042,0.2820026520500756,0.1274841931275151,0.19557029106219817,0.3741926943322631,67
14cb4a55-bc84-4bd0-b092-d5d2a6bb03d4,sub-839909,839909-202,VISl,VISl_7,261,0.4124352554455063,0.41291680189949215,0.18646425003889872,0.2756705323005987,0.549821250829793,0.31145733999847186,0.2856652501279924,0.16155388626225997,0.18786411957932378,0.4221140816961393,222
56cc07f9-1165-4e7b-a210-83468c0da2d0,sub-839909,839909-202,VISp,VISp_0,364,0.3870554415774261,0.3840946940247003,0.1712020362972728,0.2591503009965303,0.5046727864820929,0.3392360058767025,0.33210063847643756,0.16516322590801658,0.21343626812464706,0.4582705082362233,305
56cc07f9-1165-4e7b-a210-83468c0da2d0,sub-839909,839909-202,VISp,VISp_1,215,0.47242950500738634,0.4893440409360806,0.16965575170696098,0.369175662579025,0.5914031210490455,0.3144586762511339,0.2945113371794758,0.14958740647408916,0.19245370875780396,0.4261949707303549,197
56cc07f9-1165-4e7b-a210-83468c0da2d0,sub-839909,839909-202,VISp,VISp_2,79,0.3487328011946139,0.3598735353485983,0.1752259807305588,0.20233660891108832,0.4732514427865111,0.31455673792879224,0.33457461754838896,0.15970787010110876,0.16896963981249344,0.4335083927437205,59
56cc07f9-1165-4e7b-a210-83468c0da2d0,sub-839909,839909-202,VISp,VISp_3,156,0.41289234495578825,0.40017045754122577,0.1806207575777541,0.2843633215711491,0.5593072207159921,0.32051868719440757,0.31219989509299184,0.1487650112772825,0.20388453006897586,0.41605629236343555,139
56cc07f9-1165-4e7b-a210-83468c0da2d0,sub-839909,839909-202,VISl,VISl_4,328,0.3801492949421816,0.366204793581956,0.17711613378358715,0.23810234356251406,0.49640383058565024,0.3334281845807843,0.31923811804362084,0.16267217470931425,0.201717016167365,0.46129583709445016,272
56cc07f9-1165-4e7b-a210-83468c0da2d0,sub-839909,839909-202,VISl,VISl_5,204,0.46640610654962544,0.485791013657524,0.1901529332854765,0.30459783477497065,0.6246903234510268,0.3090564915102488,0.2896178253146492,0.15773829916713844,0.19010558439795722,0.41522411322949204,184
56cc07f9-1165-4e7b-a210-83468c0da2d0,sub-839909,839909-202,VISl,VISl_6,64,0.35152159651651177,0.33832127503498455,0.18247572596380532,0.2062026750461281,0.44926576342025226,0.32169131822276387,0.3004255363923007,0.16088113837422321,0.22683065391597643,0.43772175430876,49
56cc07f9-1165-4e7b-a210-83468c0da2d0,sub-839909,839909-202,VISl,VISl_7,272,0.41210160198328183,0.40605758153450827,0.1878727852108966,0.2726423080272099,0.5464856822263746,0.29769929297989445,0.28188350475011636,0.1431893120774696,0.18632092491135382,0.38503913412433777,231
dca46460-9a48-45e1-984d-86e561ad96d8,sub-845342,845342-202,VISp,VISp_0,270,0.41345014574315353,0.4139076176388065,0.17775707620312636,0.25850856510784787,0.54535813216446,0.3225600158420723,0.31665651009685036,0.16159566651013657,0.19311114520645323,0.44193943052318163,232
dca46460-9a48-45e1-984d-86e561ad96d8,sub-845342,845342-202,VISp,VISp_1,294,0.46549935809896287,0.474539790186429,0.17574354207536894,0.34930281359425014,0.6031559259730427,0.42633775242028676,0.43660470738869916,0.1744304573556511,0.2971620428250908,0.5648650556223913,267
dca46460-9a48-45e1-984d-86e561ad96d8,sub-845342,845342-202,VISp,VISp_2,65,0.38017740168522934,0.37206116814259255,0.1604347051740683,0.2549959984712117,0.5007783607191185,0.3119779179675543,0.3037034283570415,0.15693025288970808,0.19655903604777408,0.41938001736568026,56
dca46460-9a48-45e1-984d-86e561ad96d8,sub-845342,845342-202,VISp,VISp_3,228,0.49597289325601257,0.5252714695930344,0.18607064158584774,0.3747642295015058,0.6429899128657781,0.3043220288419094,0.28790411352543216,0.15182033436460585,0.18510287003814463,0.4101989038658343,205
dca46460-9a48-45e1-984d-86e561ad96d8,sub-845342,845342-202,VISl,VISl_4,298,0.3943571337622757,0.38549357488199576,0.16837018950576577,0.27183520644930687,0.522203117802766,0.3216490647774525,0.3199644830041932,0.1464346437144295,0.2173509914225888,0.407683950538382,252
dca46460-9a48-45e1-984d-86e561ad96d8,sub-845342,845342-202,VISl,VISl_5,335,0.4617738866916849,0.4712705426192609,0.171036187694038,0.3272701668218583,0.6019093020311735,0.3676790467596525,0.36529353048124436,0.17062073546178208,0.23022087661958054,0.49576882692133906,309
dca46460-9a48-45e1-984d-86e561ad96d8,sub-845342,845342-202,VISl,VISl_6,74,0.3353637463218431,0.3237879691930984,0.1538697576100738,0.23674544560132144,0.44489977757975674,0.28374119135608245,0.2807592797138777,0.1316465299413434,0.18911518716393272,0.36545806183774726,60
dca46460-9a48-45e1-984d-86e561ad96d8,sub-845342,845342-202,VISl,VISl_7,193,0.5159793959062414,0.5353256465820978,0.18066173539335065,0.3823172190339119,0.6656346633654063,0.29607282959943215,0.2809201721782632,0.14459229574656574,0.1901111969434188,0.39897585020801635,182
ae0782f8-34c1-4570-9dac-5d4da05b13d5,sub-839909,839909-202,VISp,VISp_0,315,0.4347592911793007,0.4487449309154806,0.174986630017495,0.29533149374337053,0.5633671261066909,0.33185635403833563,0.3309903111828966,0.15062225705044602,0.2052858961082395,0.443118640931604,277
ae0782f8-34c1-4570-9dac-5d4da05b13d5,sub-839909,839909-202,VISp,VISp_1,209,0.4739950497198244,0.4914286101925574,0.18806763729450568,0.328536274760648,0.6295135858854871,0.3177266548217164,0.313829139991936,0.1524803720261453,0.19316945334366828,0.43339857795546327,193
ae0782f8-34c1-4570-9dac-5d4da05b13d5,sub-839909,839909-202,VISp,VISp_2,77,0.38910623015180595,0.4016920618775906,0.1698358309369112,0.27598540165353375,0.5222036184701289,0.3016383346964797,0.2782614098046023,0.15539003638402793,0.187324710445857,0.3943530217686561,66
ae0782f8-34c1-4570-9dac-5d4da05b13d5,sub-839909,839909-202,VISp,VISp_3,190,0.446786289039729,0.4810862927019806,0.19159493813391987,0.2844805043262796,0.5899897012917602,0.3310990457632895,0.32547565156086383,0.15182522628117143,0.21537067297657247,0.44142884449941416,167
ae0782f8-34c1-4570-9dac-5d4da05b13d5,sub-839909,839909-202,VISl,VISl_4,325,0.42048940740892565,0.4253619520533345,0.177431421595023,0.2841325326828637,0.5763339240535984,0.36897848616010254,0.36280067583304104,0.16935132852882764,0.23736472987646218,0.47873697883527894,286
ae0782f8-34c1-4570-9dac-5d4da05b13d5,sub-839909,839909-202,VISl,VISl_5,218,0.47831525346178044,0.5053485270640832,0.19249140999706824,0.31845469979993624,0.639337305685125,0.34216925495745887,0.3348417649551899,0.14445058355968965,0.23274896205881426,0.44279259776963925,199
ae0782f8-34c1-4570-9dac-5d4da05b13d5,sub-839909,839909-202,VISl,VISl_6,67,0.36286915658326185,0.3375903891085887,0.18266013267030554,0.2088084464951317,0.5177836149782775,0.30083910918781304,0.2648145764676603,0.14289946619104454,0.18874052936126554,0.3847977656207565,51
ae0782f8-34c1-4570-9dac-5d4da05b13d5,sub-839909,839909-202,VISl,VISl_7,268,0.4245417027233898,0.4249629755718936,0.18585997108483057,0.27701563560144715,0.5632608527413456,0.2995496818185568,0.2860988709082457,0.1602845867076632,0.16991977280499887,0.4011808267167875,231
cb228608-263b-4556-930b-4de07947f5f0,sub-839909,839909-202,VISp,VISp_0,356,0.4024292811457131,0.40998775395326015,0.16667548099093124,0.2623233063385664,0.5251355392607483,0.35194581627072546,0.32126320517578166,0.1662006483646347,0.22814391776027604,0.48869907356565945,309
cb228608-263b-4556-930b-4de07947f5f0,sub-839909,839909-202,VISp,VISp_1,212,0.49291882337019655,0.5126801139875564,0.17094947064913407,0.37383218275316055,0.6361271047536353,0.28211349042998324,0.2719920396439171,0.13991310917659242,0.17815034937200402,0.3878466015583817,198
cb228608-263b-4556-930b-4de07947f5f0,sub-839909,839909-202,VISp,VISp_2,94,0.38857928984228496,0.37214517114216705,0.17905031988081618,0.2412472829530951,0.5367214832285983,0.3002595589820264,0.26880281139514084,0.15674888033527612,0.17194025412660657,0.4084722742447131,79
cb228608-263b-4556-930b-4de07947f5f0,sub-839909,839909-202,VISp,VISp_3,197,0.3966227832208453,0.3804067492166252,0.17166375808487477,0.2713790180544366,0.5243049847230998,0.3442299576760531,0.33254858810939353,0.16816862224239895,0.19456996499550508,0.4674545699630457,169
cb228608-263b-4556-930b-4de07947f5f0,sub-839909,839909-202,VISl,VISl_4,339,0.4308160053063508,0.4284949032453308,0.1704946372395307,0.2844885922658651,0.5707988420468477,0.3798762390732068,0.3923518518404804,0.16480835032954555,0.27295933277961715,0.4885420016310944,308
cb228608-263b-4556-930b-4de07947f5f0,sub-839909,839909-202,VISl,VISl_5,209,0.5006885044331153,0.5127566471593537,0.18224795021521545,0.34447333703042515,0.6595064159429133,0.30923327062137673,0.283839046240577,0.15159480892491228,0.19660291187406756,0.4126778858782623,196
cb228608-263b-4556-930b-4de07947f5f0,sub-839909,839909-202,VISl,VISl_6,72,0.35876140980047744,0.3671997255253371,0.12934051346755226,0.2424689364050434,0.43705203188846614,0.2992496704196651,0.26700971186238576,0.14790145103160318,0.18747662226946565,0.3740580701427318,65
cb228608-263b-4556-930b-4de07947f5f0,sub-839909,839909-202,VISl,VISl_7,255,0.38912571168202503,0.37878337124121053,0.17067577789491137,0.24847078730170752,0.512780555436781,0.3202922523172458,0.3113640347335894,0.15396472558636545,0.20312460313840303,0.43474489053587195,221
cdfcc178-fd57-4f81-892d-3d14ecffa026,sub-839909,839909-202,VISp,VISp_0,346,0.4129551159813782,0.42335457745456484,0.17271302197107083,0.28779971091934486,0.5365275827010654,0.34783565245922093,0.3511607887179519,0.16544456984280856,0.22369588900938564,0.46576811921373773,306
cdfcc178-fd57-4f81-892d-3d14ecffa026,sub-839909,839909-202,VISp,VISp_1,250,0.5098653404645268,0.5428900790779939,0.1832254793046165,0.37731569751603633,0.6616400106447485,0.29747498425225205,0.28029489264790336,0.14374496828692943,0.1910489584237923,0.3886455601605908,232
cdfcc178-fd57-4f81-892d-3d14ecffa026,sub-839909,839909-202,VISp,VISp_2,99,0.4151602675706927,0.39341279100917365,0.17541967004643394,0.280710594330134,0.53458984199216,0.28462965190286854,0.26428669521200265,0.14732659016713134,0.18292258459885025,0.39008992938846826,87
cdfcc178-fd57-4f81-892d-3d14ecffa026,sub-839909,839909-202,VISp,VISp_3,176,0.4560798522156963,0.4678485964461647,0.19513714408474273,0.3202118486055753,0.6122705969475822,0.33731116518595916,0.33640712985252164,0.15460654923555472,0.21517806594718947,0.45340955589794685,151
cdfcc178-fd57-4f81-892d-3d14ecffa026,sub-839909,839909-202,VISl,VISl_4,351,0.38988816647924474,0.390049280518498,0.16859598839798898,0.27391900822524096,0.5135044519197968,0.36561962497281514,0.3452763624708543,0.1737977756569477,0.2291157207067302,0.48026628973500635,301
cdfcc178-fd57-4f81-892d-3d14ecffa026,sub-839909,839909-202,VISl,VISl_5,222,0.4893499412468706,0.5136506986200986,0.1918272969993853,0.3643102884887328,0.6503621284620198,0.30780491868095655,0.2978554305953356,0.1540498837961912,0.1796032750566701,0.42402660708423584,200
cdfcc178-fd57-4f81-892d-3d14ecffa026,sub-839909,839909-202,VISl,VISl_6,85,0.38047422915564627,0.36130999197714697,0.15922097222820836,0.24910273936419974,0.5283685183480197,0.309772241710603,0.3075455799797366,0.16872110448469074,0.17974605303266056,0.43018710612415945,74
cdfcc178-fd57-4f81-892d-3d14ecffa026,sub-839909,839909-202,VISl,VISl_7,302,0.43533627321555757,0.4279604629967944,0.1904316677583518,0.27828879009469826,0.5986405565911173,0.34072431804267744,0.3278573759522496,0.16245871248690194,0.21737968497754465,0.45387749727716264,267
fe4b696b-6265-45f8-8748-472181f2666a,sub-845342,845342-202,VISp,VISp_0,59,0.45716561882509077,0.4733920575363345,0.1600823429269419,0.3408957020898844,0.5805477045911613,0.380325163483669,0.37468938205690033,0.16303609018864035,0.27170789732534245,0.5054600094846027,56
fe4b696b-6265-45f8-8748-472181f2666a,sub-845342,845342-202,VISp,VISp_1,102,0.4856028931674801,0.527264928095075,0.17390789709340335,0.36149680940998746,0.6170019907944256,0.4029640406905776,0.44521237751469317,0.17727909676052633,0.24417126032169909,0.5331595006388228,92
fe4b696b-6265-45f8-8748-472181f2666a,sub-845342,845342-202,VISp,VISp_2,8,0.39338510762663914,0.44218604313792204,0.1334773058967118,0.3305199864289876,0.47861176590966664,0.2535282212531288,0.2639980565263955,0.12166477316261635,0.16011050402821375,0.35459378146061316,7
fe4b696b-6265-45f8-8748-472181f2666a,sub-845342,845342-202,VISp,VISp_3,64,0.47156741943593494,0.5002608168889509,0.21790972091597705,0.28465477910454495,0.6785183551415687,0.2864031037240552,0.24002068692181194,0.14512166918315011,0.1709117160543051,0.39110740918743137,56
fe4b696b-6265-45f8-8748-472181f2666a,sub-845342,845342-202,VISl,VISl_4,54,0.43004778211311256,0.4261375798271258,0.17970037051833715,0.2867111168167402,0.5848462761757073,0.32731334294588593,0.33264268850064693,0.1550649606063654,0.21374269083529962,0.4207632418841821,47
fe4b696b-6265-45f8-8748-472181f2666a,sub-845342,845342-202,VISl,VISl_5,113,0.44232673358885427,0.45230585224887754,0.1774552222144185,0.2770958224965743,0.5917708545348325,0.4170610709818329,0.4321646067585185,0.18391637534612845,0.285800493940146,0.5685005004034579,102
fe4b696b-6265-45f8-8748-472181f2666a,sub-845342,845342-202,VISl,VISl_6,4,0.41961450569001024,0.39264731921007723,0.13091652834035772,0.3332414193007459,0.47902040559934156,0.44126223078665616,0.3939917112758117,0.11666792571863367,0.3551591793180172,0.4800947627444507,4
fe4b696b-6265-45f8-8748-472181f2666a,sub-845342,845342-202,VISl,VISl_7,37,0.5123853791146016,0.5423580057890881,0.18923299674250707,0.4063879907232631,0.6676145498282533,0.3401233929823241,0.3284878278439256,0.15795061082125036,0.20396284113262886,0.4573001657769476,34
ee618c3f-46e6-4045-a778-bec47533b318,sub-837568,837568-202,VISp,VISp_0,348,0.4253765175654387,0.43487409162819857,0.17002352545780686,0.3114508130920573,0.5565777169679686,0.3681335537390442,0.36089984949560205,0.16866346331526053,0.23239347492229476,0.503301081727408,314
ee618c3f-46e6-4045-a778-bec47533b318,sub-837568,837568-202,VISp,VISp_1,369,0.4535415407723073,0.4611903590804935,0.174265625915388,0.3235612148440701,0.5960831783633622,0.4399975491261641,0.44958546609291034,0.16589164821139152,0.3297039160615367,0.5686694127986103,335
ee618c3f-46e6-4045-a778-bec47533b318,sub-837568,837568-202,VISp,VISp_2,119,0.40476890379709446,0.41042324465819346,0.16626550745828123,0.28947860782932544,0.5346727809146018,0.3396425335703209,0.33637999654539513,0.14254872226126547,0.22305763189522163,0.4616983599238076,102
ee618c3f-46e6-4045-a778-bec47533b318,sub-837568,837568-202,VISp,VISp_3,245,0.49975408673224914,0.538107525095371,0.18792884871951132,0.3631579614257895,0.6577860982093137,0.32664408358606367,0.3289141351821073,0.13920320600013336,0.22279038770433693,0.4259964893440394,223
ee618c3f-46e6-4045-a778-bec47533b318,sub-837568,837568-202,VISl,VISl_4,326,0.43527325622331453,0.455385118668506,0.1828397444467044,0.2993388745104604,0.5873645386072059,0.3693806673655373,0.37648816445584665,0.16528915458979382,0.2414361162514563,0.48783520495449095,282
ee618c3f-46e6-4045-a778-bec47533b318,sub-837568,837568-202,VISl,VISl_5,236,0.44719171141022257,0.45871743287220595,0.18681705235486928,0.31504894622259766,0.5910293411006707,0.34942143008962434,0.34762335451332255,0.1642565246700517,0.2185168777702315,0.46088564785946023,209
ee618c3f-46e6-4045-a778-bec47533b318,sub-837568,837568-202,VISl,VISl_6,119,0.3706311883664181,0.3810263571334866,0.16955805897930346,0.24767864961501054,0.49022235663633645,0.3188296347079021,0.3155990238131319,0.14709982624675486,0.19822405340050187,0.4266102374353106,96
ee618c3f-46e6-4045-a778-bec47533b318,sub-837568,837568-202,VISl,VISl_7,228,0.519555176359812,0.559126299474968,0.17467894545333582,0.3929850994064927,0.6666478721188474,0.3077962595488965,0.2877713746433933,0.15138138404408655,0.18443662403750083,0.4295191740071612,217
d2b19d3b-870b-4733-b5b4-a0b0ca103036,sub-837568,837568-202,VISp,VISp_0,326,0.4625538965952847,0.4784109784031922,0.17682358118192684,0.3255721821040811,0.5902792504993493,0.35763292580686457,0.33608407012319574,0.16309434442317924,0.2391222493482571,0.46764411211643214,299
d2b19d3b-870b-4733-b5b4-a0b0ca103036,sub-837568,837568-202,VISp,VISp_1,364,0.47213603172043067,0.4868400792431623,0.16911621536744648,0.36095475407714916,0.6075742588281249,0.42540582301188246,0.4210027997656569,0.17996037629072434,0.2858626221562915,0.5782133244221541,336
d2b19d3b-870b-4733-b5b4-a0b0ca103036,sub-837568,837568-202,VISp,VISp_2,108,0.43759047705718657,0.44042442769941087,0.17629834800622834,0.30623918991212523,0.5754546146839885,0.29532869886018415,0.28159696492222286,0.13452803094126872,0.19890543803443755,0.38124219200126996,96
d2b19d3b-870b-4733-b5b4-a0b0ca103036,sub-837568,837568-202,VISp,VISp_3,237,0.5058857721325183,0.5401597409840564,0.17391530075030856,0.38953682509332377,0.6391159531282024,0.3093740158343641,0.30225108689261493,0.15596619633260386,0.18717805063697085,0.41661474666972365,221
d2b19d3b-870b-4733-b5b4-a0b0ca103036,sub-837568,837568-202,VISl,VISl_4,324,0.45761863827754046,0.4784162127480709,0.1736940159079688,0.3365996567812912,0.5930124572929157,0.3759603487483252,0.37327206863922174,0.16998645210734567,0.24103420578117646,0.5075497004054932,291
d2b19d3b-870b-4733-b5b4-a0b0ca103036,sub-837568,837568-202,VISl,VISl_5,237,0.4715107004309946,0.5054862388917152,0.18891706633272,0.33096663217010275,0.6294087961284782,0.32246205618164575,0.3032993420008671,0.15910319553762595,0.20224238786798146,0.43026806086710845,213
d2b19d3b-870b-4733-b5b4-a0b0ca103036,sub-837568,837568-202,VISl,VISl_6,133,0.44826020223527946,0.4619418835016604,0.17584997472341687,0.32151671493838896,0.5816170000265449,0.2908980196655737,0.2855347150560151,0.14140951159207701,0.17649787562741892,0.39689773705602527,120
d2b19d3b-870b-4733-b5b4-a0b0ca103036,sub-837568,837568-202,VISl,VISl_7,233,0.5164255500332625,0.5411119318594515,0.17814171881907054,0.38782409042468513,0.6646011341306335,0.3082825448638074,0.3027998258152237,0.15071864917533365,0.18581970456549937,0.4014899928979621,220
5dee7e1c-de65-4a11-8b6f-8a727dc8bf18,sub-837568,837568-202,VISp,VISp_0,333,0.44441262566633605,0.45716139563441976,0.18053355929947448,0.31052356926957253,0.5816110638212036,0.36275197533592474,0.36111931245628304,0.15944865475633804,0.24471995994468948,0.4696429568392897,295
5dee7e1c-de65-4a11-8b6f-8a727dc8bf18,sub-837568,837568-202,VISp,VISp_1,345,0.46776112548706067,0.4812004284850648,0.1728850413993865,0.3467503974797517,0.6048426169140527,0.40835291162009996,0.410161296301409,0.17751220600201673,0.2743658030854196,0.5403563326455061,317
5dee7e1c-de65-4a11-8b6f-8a727dc8bf18,sub-837568,837568-202,VISp,VISp_2,143,0.39677778357955756,0.39414681597630763,0.17507465647377382,0.2536881816000147,0.5138636738290651,0.2975850276042466,0.2772078590380417,0.1335071057628866,0.2057214131354097,0.3770723859377946,123
5dee7e1c-de65-4a11-8b6f-8a727dc8bf18,sub-837568,837568-202,VISp,VISp_3,225,0.4996645893108622,0.545476886574738,0.1772981492575309,0.3677512110426377,0.638613268620438,0.314111865102211,0.3069269724773915,0.15251415164217788,0.18804239905787576,0.4206988519988613,210
5dee7e1c-de65-4a11-8b6f-8a727dc8bf18,sub-837568,837568-202,VISl,VISl_4,334,0.4513759140282602,0.4748233746586157,0.17630212988661267,0.3240472034145674,0.5966600884568337,0.35862728559923224,0.35159975812639266,0.17935408156374025,0.21120835933345206,0.5006339172185613,301
5dee7e1c-de65-4a11-8b6f-8a727dc8bf18,sub-837568,837568-202,VISl,VISl_5,232,0.46455792481972624,0.49106113246478145,0.1958716161878772,0.328165903656801,0.6173404219360025,0.31017458641784634,0.3003703941764668,0.15930308594844933,0.17488609805663027,0.42935148925056554,206
5dee7e1c-de65-4a11-8b6f-8a727dc8bf18,sub-837568,837568-202,VISl,VISl_6,156,0.3850235030182878,0.39144774537437343,0.183200673549748,0.21347015791900342,0.5364443206404707,0.3143264586533279,0.29041102877759156,0.14291263643347402,0.211599003748137,0.4119388104747723,121
5dee7e1c-de65-4a11-8b6f-8a727dc8bf18,sub-837568,837568-202,VISl,VISl_7,234,0.49783052807121664,0.5327309331850222,0.19672611194131182,0.34698414998120053,0.6547083789573642,0.29848083415259885,0.26141906556484634,0.15736460613242634,0.17678580626895213,0.39926035558959905,208
484957ab-1bba-4a19-a85d-7890c7a5cf4a,sub-837568,837568-202,VISp,VISp_0,334,0.4475830822535771,0.4647476347595184,0.17545026127839924,0.32128921956578177,0.5687753981771001,0.3854021268932304,0.39650051645109186,0.16375124787631604,0.2727838704552785,0.49761733910314654,299
484957ab-1bba-4a19-a85d-7890c7a5cf4a,sub-837568,837568-202,VISp,VISp_1,348,0.468971166960453,0.4958776903035331,0.16659071261138736,0.3514268425799237,0.6063423120283575,0.4733050884898444,0.48799948939756416,0.17518714360041007,0.3612029882717243,0.6135238966203674,322
484957ab-1bba-4a19-a85d-7890c7a5cf4a,sub-837568,837568-202,VISp,VISp_2,112,0.4562909555504537,0.4814282868299883,0.15894010405516898,0.32972229588999963,0.5778995559289033,0.3106195716272167,0.30369960670847074,0.1466814914570883,0.20055844710263213,0.39604407329155983,102
484957ab-1bba-4a19-a85d-7890c7a5cf4a,sub-837568,837568-202,VISp,VISp_3,244,0.5123295640057737,0.5424860690907871,0.18027226043138544,0.38159958740296185,0.6638142383598659,0.32722986796836995,0.3090348918254658,0.1476108744932909,0.21789131910591444,0.42765018941764316,226
484957ab-1bba-4a19-a85d-7890c7a5cf4a,sub-837568,837568-202,VISl,VISl_4,330,0.4472828952848779,0.46646797707271803,0.1622102712089575,0.33202342654251343,0.565620134101831,0.39192096722711317,0.391976864702766,0.1672986608623276,0.26092244495125205,0.5199234980587308,302
484957ab-1bba-4a19-a85d-7890c7a5cf4a,sub-837568,837568-202,VISl,VISl_5,238,0.4776537147361979,0.499094436380304,0.18279645888864776,0.3400010850824887,0.630690446035598,0.31234587687819193,0.2855990464108298,0.14833173043692646,0.20563259047366644,0.41014620445377814,217
484957ab-1bba-4a19-a85d-7890c7a5cf4a,sub-837568,837568-202,VISl,VISl_6,143,0.39459103162788667,0.39386172003151915,0.1767569400806944,0.25896618741904237,0.5407379116845477,0.2894218627495261,0.27607008314768117,0.1397826530190127,0.17619881504132373,0.3812797553242522,120
484957ab-1bba-4a19-a85d-7890c7a5cf4a,sub-837568,837568-202,VISl,VISl_7,232,0.5175811869005045,0.5449917300219266,0.19086572815952452,0.3800787376112861,0.6762870559591216,0.3094975386032544,0.28888649616652967,0.15577416834121513,0.19212541769461783,0.4173192051783479,215
41c99a1f-a4ce-4a06-826a-41627285785b,sub-837568,837568-202,VISp,VISp_0,345,0.4444582539567415,0.4603253318968582,0.1779757428694519,0.31623643224430165,0.5923952525326771,0.3458003788835787,0.34153032987264387,0.16952721666788834,0.21047223003096824,0.46706130455863426,307
41c99a1f-a4ce-4a06-826a-41627285785b,sub-837568,837568-202,VISp,VISp_1,362,0.46111018139165577,0.47943408526767795,0.16805348777999746,0.33798477455175563,0.5938317009271368,0.40615831752112735,0.414997255926062,0.16680700970640092,0.2780136665630739,0.5264528171663599,333
41c99a1f-a4ce-4a06-826a-41627285785b,sub-837568,837568-202,VISp,VISp_2,122,0.4139991015842837,0.4182373671901587,0.17975091980094654,0.29324802830154406,0.5383705757924899,0.3002335492686148,0.29773399731398276,0.158068640578181,0.153827088096222,0.42018306832813035,106
41c99a1f-a4ce-4a06-826a-41627285785b,sub-837568,837568-202,VISp,VISp_3,235,0.4806062672819774,0.5244365562223552,0.17889740810562493,0.3488898723868096,0.6122276232029857,0.2983664811228694,0.2867230801011667,0.15217258922230906,0.1775238731175228,0.3946257937188903,216
41c99a1f-a4ce-4a06-826a-41627285785b,sub-837568,837568-202,VISl,VISl_4,334,0.44850726931216045,0.4797193359910948,0.1748362352740897,0.3070428445167508,0.596402079562244,0.3546358909268898,0.35089849453208555,0.16996035139463778,0.2115494074548283,0.4828826707656,297
41c99a1f-a4ce-4a06-826a-41627285785b,sub-837568,837568-202,VISl,VISl_5,242,0.4695259976935733,0.4772134382615657,0.18484169878404944,0.32684029880686083,0.6276064137765319,0.29850121937824897,0.2763493181487925,0.16064235763180634,0.16823081585351596,0.3926629702273156,219
41c99a1f-a4ce-4a06-826a-41627285785b,sub-837568,837568-202,VISl,VISl_6,134,0.3734859450528627,0.3789253785612031,0.17677787354651897,0.22307478355026475,0.5325844766503092,0.3060649112086127,0.2823902555596485,0.1389571344061423,0.1906744851899805,0.42693142317481225,108
41c99a1f-a4ce-4a06-826a-41627285785b,sub-837568,837568-202,VISl,VISl_7,232,0.5110766719494935,0.525079601201907,0.18030908249124852,0.3955705399312259,0.6584048861380866,0.29416193795548606,0.27505623927629275,0.15755146415967258,0.18098947623560646,0.4017753301110228,215
40ae22c5-d25e-4bc0-ad33-56a56c78cfbb,sub-837568,837568-202,VISp,VISp_0,349,0.44043601833133983,0.43377695522789583,0.17972316738766225,0.3069487995716782,0.5932066705489302,0.3507635188261038,0.3470245347887664,0.15395503478980596,0.23400608227866626,0.4605899508748865,316
40ae22c5-d25e-4bc0-ad33-56a56c78cfbb,sub-837568,837568-202,VISp,VISp_1,372,0.4640678952528412,0.48166951407860537,0.17634223382327663,0.3386816218567952,0.6105346084871084,0.41626345993923497,0.4225407894968251,0.16503334800479058,0.2907625018117676,0.5443145055224701,341
40ae22c5-d25e-4bc0-ad33-56a56c78cfbb,sub-837568,837568-202,VISp,VISp_2,119,0.4242801962371881,0.4172571029067946,0.17592453596392713,0.30302261860945684,0.5450148272533566,0.2954441800942007,0.29897476143950436,0.13274744584835685,0.19985938926104746,0.3930289587825986,107
40ae22c5-d25e-4bc0-ad33-56a56c78cfbb,sub-837568,837568-202,VISp,VISp_3,249,0.48210908246073786,0.4967113507299775,0.1891805004637236,0.3523710858562409,0.6420958626208789,0.3238682662056866,0.3166975606125262,0.1556947730912354,0.2034835005303896,0.43872616157269667,227
40ae22c5-d25e-4bc0-ad33-56a56c78cfbb,sub-837568,837568-202,VISl,VISl_4,330,0.43711009464568495,0.4617617738832039,0.17480309016820342,0.29128623750749993,0.5948386669936077,0.36914359701377214,0.37532020038705866,0.17244108146963597,0.23261093548816203,0.5061945231046615,294
40ae22c5-d25e-4bc0-ad33-56a56c78cfbb,sub-837568,837568-202,VISl,VISl_5,236,0.45492877901849316,0.4782142936903752,0.19190648980685085,0.3137744014820648,0.6075961471902303,0.3260256796447807,0.32194926415163627,0.14715132563109032,0.2120881153429391,0.43334854119907534,204
40ae22c5-d25e-4bc0-ad33-56a56c78cfbb,sub-837568,837568-202,VISl,VISl_6,145,0.39799649355092787,0.3827561387029445,0.18429199369354118,0.2488753000977895,0.5714751957600674,0.3088754851926787,0.3041430844960313,0.14659978323859124,0.20460001675822118,0.40091190055355636,123
40ae22c5-d25e-4bc0-ad33-56a56c78cfbb,sub-837568,837568-202,VISl,VISl_7,226,0.5331591121006731,0.576054322450381,0.18239031070398787,0.3970247455772064,0.6808596749229577,0.3018061219194618,0.29316570040136575,0.14658226917564118,0.19491823537610978,0.4065075349943243,216
2876206a-3667-46f9-9701-463eeb1d99e5,sub-837568,837568-202,VISp,VISp_0,361,0.4194715744517284,0.42878637701431416,0.17946937776003943,0.272766302980609,0.5684472436933038,0.34818410210924594,0.3452029656723218,0.15905040029346823,0.22182011228606888,0.46386242866164223,310
2876206a-3667-46f9-9701-463eeb1d99e5,sub-837568,837568-202,VISp,VISp_1,397,0.45471810179504146,0.4555512633354588,0.17931151474710685,0.32988617830610484,0.6029917277774143,0.419052743759559,0.4266515659282563,0.16480436763053433,0.2967314953022606,0.5420585799100412,356
2876206a-3667-46f9-9701-463eeb1d99e5,sub-837568,837568-202,VISp,VISp_2,119,0.38532704533206236,0.37397042092344934,0.1740492118224334,0.2484384102751001,0.5227526792799523,0.2722883447419671,0.2581535924902819,0.14876091282136167,0.15020456200550591,0.3589761625215027,99
2876206a-3667-46f9-9701-463eeb1d99e5,sub-837568,837568-202,VISp,VISp_3,250,0.5019051056557977,0.5264962291082879,0.17344081319851487,0.3741101829846023,0.6386318925755273,0.3215197751554665,0.3203001223121311,0.1396915892956506,0.22302641233368886,0.4142433343398155,238
2876206a-3667-46f9-9701-463eeb1d99e5,sub-837568,837568-202,VISl,VISl_4,335,0.43132723823917235,0.4270474588393953,0.17277812096904527,0.30423667040873503,0.5724516901401149,0.36014962325175237,0.35866605033850585,0.16094602367085165,0.2293265409581489,0.48027947916872293,299
2876206a-3667-46f9-9701-463eeb1d99e5,sub-837568,837568-202,VISl,VISl_5,240,0.4458741259829216,0.4551326786164773,0.19201943581506473,0.2953027342267946,0.6095986876024326,0.3192836853170251,0.2932709666099448,0.1593020347827958,0.19337129784251408,0.43354544436177045,210
2876206a-3667-46f9-9701-463eeb1d99e5,sub-837568,837568-202,VISl,VISl_6,121,0.3607530294541393,0.3494909974692513,0.16125601078211163,0.24424625606083722,0.4712263323302411,0.30260699228465326,0.28578980940333576,0.15628444855592027,0.17370164609150363,0.4122951520179676,98
2876206a-3667-46f9-9701-463eeb1d99e5,sub-837568,837568-202,VISl,VISl_7,232,0.5075664877281248,0.5546560513490532,0.19443264683512493,0.3506665768891568,0.6766268668729338,0.2990545204925117,0.27493029954184245,0.14095567323457436,0.1900206685484812,0.3957953850522798,212
cb6e5219-b208-40d2-bbcc-fa58192d24d1,sub-832700,832700-202,VISp,VISp_0,338,0.4175178912825891,0.4152477204351588,0.17417539060304832,0.28808242261879685,0.5475547930079875,0.33732249249063556,0.3301597898696026,0.16263509702293893,0.2155725011269578,0.4529054763194713,303
cb6e5219-b208-40d2-bbcc-fa58192d24d1,sub-832700,832700-202,VISp,VISp_1,395,0.4747761922499865,0.4836874510191649,0.18222859139222272,0.3547485379522787,0.6269358301801805,0.3666381344420085,0.36370202678972074,0.16909472174941648,0.22913597837484168,0.49739458961652894,360
cb6e5219-b208-40d2-bbcc-fa58192d24d1,sub-832700,832700-202,VISp,VISp_2,53,0.3967528744532456,0.39575468590448,0.18270690233676398,0.24787291848902754,0.5308166965594543,0.30761108302265744,0.31455164077010145,0.1313473393627998,0.22370090769559095,0.3854047418753211,43
cb6e5219-b208-40d2-bbcc-fa58192d24d1,sub-832700,832700-202,VISp,VISp_3,228,0.522863823771941,0.5479589941671112,0.17176721045625507,0.40806786459583144,0.6662620909182395,0.32749178683145064,0.31016450810723634,0.15897220077093216,0.21291007736598835,0.4437352601702749,218
cb6e5219-b208-40d2-bbcc-fa58192d24d1,sub-832700,832700-202,VISl,VISl_4,332,0.41445333894633557,0.4202328036075127,0.17522101436790305,0.271643622684107,0.5607340002590194,0.32628934929098863,0.3181596593105362,0.1559008335093941,0.19982205974134637,0.4564386016594859,288
cb6e5219-b208-40d2-bbcc-fa58192d24d1,sub-832700,832700-202,VISl,VISl_5,333,0.4294965428077791,0.4453052580471712,0.17875835122215178,0.2841149223731503,0.5783989255804287,0.37818316225428333,0.3739258851200773,0.1805530483846148,0.23898367770101808,0.500709393070079,292
cb6e5219-b208-40d2-bbcc-fa58192d24d1,sub-832700,832700-202,VISl,VISl_6,101,0.3749833140547382,0.36544654491757733,0.1727449666159711,0.23963031934689052,0.5079921163205033,0.31350798901654675,0.30062400225403785,0.15776027979871177,0.18846243409820396,0.433133287899602,84
cb6e5219-b208-40d2-bbcc-fa58192d24d1,sub-832700,832700-202,VISl,VISl_7,274,0.47857466729137005,0.4996517171189361,0.17951703929605198,0.35225160319691645,0.6275016059632871,0.3292823501903954,0.30868767788269624,0.15587298513809447,0.2191294495149162,0.43436285282709564,254
c06d2bec-1ccc-4e6e-a3a6-8a07ad2a04ec,sub-837568,837568-202,VISp,VISp_0,366,0.43106092161829523,0.43290871559901833,0.17696814494619853,0.2891469732534462,0.5740072521466912,0.3548952663338056,0.337236641945426,0.16853073116798975,0.22236849847954934,0.48610037509269355,328
c06d2bec-1ccc-4e6e-a3a6-8a07ad2a04ec,sub-837568,837568-202,VISp,VISp_1,369,0.46743271550280835,0.49447861200021914,0.17909559119183316,0.34360158073686814,0.6123026142283234,0.42681780007964654,0.4367197060880254,0.1762412242299188,0.2917920635773763,0.5502107502536686,332
c06d2bec-1ccc-4e6e-a3a6-8a07ad2a04ec,sub-837568,837568-202,VISp,VISp_2,115,0.38434157700600424,0.3669169161785193,0.18431319206818045,0.24133078436948194,0.5341379313682271,0.2897250522144473,0.28553209102262517,0.13107484297267352,0.17917765273322991,0.37153505381793966,91
c06d2bec-1ccc-4e6e-a3a6-8a07ad2a04ec,sub-837568,837568-202,VISp,VISp_3,248,0.47657050666436845,0.5011778690597741,0.18055587105761856,0.34548687996295663,0.6211233357702475,0.30152783224233165,0.2846147415399299,0.14543717186932317,0.1938648688584152,0.4007893799824374,228
c06d2bec-1ccc-4e6e-a3a6-8a07ad2a04ec,sub-837568,837568-202,VISl,VISl_4,337,0.4419450390859751,0.45430738450090313,0.17370162238235035,0.30344560203873966,0.5984504043498481,0.36131226515510356,0.36142678730206795,0.16743635310641586,0.2387763727210491,0.48142286141581514,302
c06d2bec-1ccc-4e6e-a3a6-8a07ad2a04ec,sub-837568,837568-202,VISl,VISl_5,251,0.4590629627860827,0.45339372327038663,0.19295679013502762,0.2946052882139193,0.6363181593014959,0.3166788279149718,0.31119804494209496,0.15162935414360898,0.19866901593899516,0.4212461571368926,223
c06d2bec-1ccc-4e6e-a3a6-8a07ad2a04ec,sub-837568,837568-202,VISl,VISl_6,131,0.37912436477541983,0.3647669884572559,0.18118620325154852,0.2529335606299539,0.5191487240643512,0.28958134640764666,0.27739579315921215,0.13413358365919262,0.18263846371742476,0.3697498844660199,105
c06d2bec-1ccc-4e6e-a3a6-8a07ad2a04ec,sub-837568,837568-202,VISl,VISl_7,253,0.5313846853429367,0.5729894694656892,0.17917628322858117,0.41967490524038137,0.6835112265440214,0.28733748826834665,0.2849255228746053,0.13843836190664938,0.1771546538188393,0.3966258824978079,240
7b0bdc13-ff37-448d-a71a-f2549306c5ab,sub-837568,837568-202,VISp,VISp_0,341,0.4494375968900306,0.4725247329355245,0.1837503942197181,0.3152496046186552,0.597095229780065,0.350248855700299,0.33941280564669596,0.1647408270209817,0.2228621923242384,0.481878074758188,306
7b0bdc13-ff37-448d-a71a-f2549306c5ab,sub-837568,837568-202,VISp,VISp_1,350,0.46635090797581824,0.47843977798016796,0.17891590205479996,0.32449742284286853,0.6163149961264733,0.41467433365738154,0.4205740669357829,0.17913163713045435,0.2760505656570965,0.5631421585114117,319
7b0bdc13-ff37-448d-a71a-f2549306c5ab,sub-837568,837568-202,VISp,VISp_2,138,0.41422866662625457,0.4083514317465316,0.1785134958749818,0.280168917822623,0.5246045548129697,0.3016350983834204,0.2988172129967495,0.13674997674987507,0.19488874634581632,0.3815001037158351,123
7b0bdc13-ff37-448d-a71a-f2549306c5ab,sub-837568,837568-202,VISp,VISp_3,236,0.47291912600092917,0.47672876210666104,0.17882276020536028,0.3399105559711502,0.6286545356585894,0.282939995888712,0.26727014178732517,0.14430237621520997,0.17375214157598146,0.3792304214876512,216
7b0bdc13-ff37-448d-a71a-f2549306c5ab,sub-837568,837568-202,VISl,VISl_4,346,0.4359235955685596,0.46032522375338814,0.18239344311703426,0.2954346150106223,0.5888464964121826,0.351943703136332,0.35278282263751914,0.16916127013956228,0.22123447673353036,0.4709549936515337,295
7b0bdc13-ff37-448d-a71a-f2549306c5ab,sub-837568,837568-202,VISl,VISl_5,251,0.4372300787966268,0.4472624824294491,0.1834568299875725,0.2833871184342775,0.5759266688685234,0.3178057543614434,0.31267263723139677,0.1439357928324098,0.20108975839052617,0.42137958920735163,228
7b0bdc13-ff37-448d-a71a-f2549306c5ab,sub-837568,837568-202,VISl,VISl_6,144,0.40926734704876444,0.408244754737367,0.17771034093507684,0.28637708117793875,0.5609375554803842,0.29232640738297466,0.2685017698112866,0.13621079504420905,0.21006555223532647,0.37819030976197954,120
7b0bdc13-ff37-448d-a71a-f2549306c5ab,sub-837568,837568-202,VISl,VISl_7,243,0.5276813403095084,0.5675921474106167,0.17896764980838614,0.39625630288429753,0.6712846857522627,0.2874998394308525,0.2643780140335088,0.15135938923153325,0.17120210832106908,0.3976621886598337,226
5b0cf82d-45bb-4756-9c21-4d6acd4f7ad3,sub-843000,843000-202,VISp,VISp_0,371,0.44997317103506373,0.46886789939446166,0.1835391451054178,0.3104189952134964,0.5967967875694917,0.35012679134458363,0.33624302390258953,0.1610807840770578,0.22658488972332627,0.45703697117523256,330
5b0cf82d-45bb-4756-9c21-4d6acd4f7ad3,sub-843000,843000-202,VISp,VISp_1,440,0.45683105934988827,0.4764011922596616,0.18267359753812248,0.32084091282089466,0.6042856582929828,0.3763516666385804,0.3708317482695682,0.16653347090337114,0.2479370935338261,0.5008653012233265,391
5b0cf82d-45bb-4756-9c21-4d6acd4f7ad3,sub-843000,843000-202,VISp,VISp_2,205,0.4146465956315147,0.4098750909727197,0.178571680203763,0.2949122348525122,0.5470442064710354,0.282408620273505,0.2728780742016856,0.1452187020418488,0.16546644770648486,0.3717469107994897,179
5b0cf82d-45bb-4756-9c21-4d6acd4f7ad3,sub-843000,843000-202,VISp,VISp_3,267,0.47611672507305053,0.49939713968415966,0.1916067364291297,0.3322732505841233,0.6307438179963449,0.31180411776325734,0.29786072123982127,0.14326426850594706,0.21079089418173685,0.4061553392742178,239
5b0cf82d-45bb-4756-9c21-4d6acd4f7ad3,sub-843000,843000-202,VISl,VISl_4,254,0.4682221467769955,0.4855150906951028,0.16880676467763853,0.34153802006021566,0.5940309974564654,0.3792714089712025,0.3855406126939631,0.18765549072550552,0.2255444729074263,0.5241414988742488,237
5b0cf82d-45bb-4756-9c21-4d6acd4f7ad3,sub-843000,843000-202,VISl,VISl_5,289,0.4153352239934593,0.4320861049460675,0.18862338144483753,0.25808804887826886,0.567745397729059,0.3673232154202099,0.36537563621905894,0.17410556893203868,0.2429470898201025,0.4894376277684723,242
5b0cf82d-45bb-4756-9c21-4d6acd4f7ad3,sub-843000,843000-202,VISl,VISl_6,109,0.40861263789261965,0.405129149460159,0.17128779679631828,0.2919714677406561,0.5287139474777484,0.3233997801604555,0.3332332850066605,0.1419537113042961,0.22519234453995635,0.42151762378940827,95
5b0cf82d-45bb-4756-9c21-4d6acd4f7ad3,sub-843000,843000-202,VISl,VISl_7,160,0.45736968659565386,0.48512118526208114,0.19303546125980914,0.29749457333828766,0.6247037123889584,0.3179315569267814,0.3199153043425446,0.16647572730274632,0.18399493211184836,0.44122907167719205,139
d6b28d19-5307-412d-91cd-026e82d23193,sub-837568,837568-202,VISp,VISp_0,316,0.4297096890574509,0.43842677872508284,0.18336069859437024,0.2834862899721988,0.5816115659487606,0.3906877044572254,0.3939793203916949,0.16409477857606122,0.2638905057075718,0.5216740374896773,274
d6b28d19-5307-412d-91cd-026e82d23193,sub-837568,837568-202,VISp,VISp_1,347,0.4178474739158324,0.4124081179155049,0.1760092690207436,0.28747346599362855,0.5539522980377141,0.3970642269538446,0.398048075014655,0.16592196226033795,0.271046568259892,0.5264922543232483,305
d6b28d19-5307-412d-91cd-026e82d23193,sub-837568,837568-202,VISp,VISp_2,163,0.4139819488474561,0.4016143249029894,0.1762628993119571,0.28601432361400947,0.5578159888401578,0.3090691326926479,0.3168544779208151,0.1580073436579314,0.17961556894203046,0.42431953998925814,138
d6b28d19-5307-412d-91cd-026e82d23193,sub-837568,837568-202,VISp,VISp_3,225,0.4747181745180775,0.49168451820787173,0.18669794835552309,0.33241103568604574,0.6352427883510202,0.3390713953355932,0.3351011922569157,0.16166382056093562,0.21563302123999117,0.4583795687261163,203
d6b28d19-5307-412d-91cd-026e82d23193,sub-837568,837568-202,VISl,VISl_4,353,0.4508335931898012,0.4666329989209326,0.17272349011039942,0.32149282010277425,0.59008213247953,0.3863137179486591,0.3909865821704042,0.17419060930569008,0.2477275103026191,0.5296785664225826,316
d6b28d19-5307-412d-91cd-026e82d23193,sub-837568,837568-202,VISl,VISl_5,239,0.44241951419309367,0.44578584579665076,0.18949475828316772,0.2912779065010472,0.6025531745513865,0.33015169396305805,0.32428896816039093,0.15240154620224053,0.21755108265774953,0.4381562479079292,206
d6b28d19-5307-412d-91cd-026e82d23193,sub-837568,837568-202,VISl,VISl_6,173,0.39825730930502806,0.4020495876675005,0.18643525872681094,0.2475201295607375,0.5663924153816521,0.3111748122167538,0.29617512150354885,0.16568589836112288,0.17509776500442747,0.4326202009463045,144
d6b28d19-5307-412d-91cd-026e82d23193,sub-837568,837568-202,VISl,VISl_7,241,0.5135082695107744,0.5525503485709653,0.1934476518415749,0.3680527660282858,0.6705575186113952,0.3131735841461742,0.2868149809109088,0.1693808978271223,0.17964763081441532,0.42070966752101563,221
4beb9979-1b3d-48a1-885a-e656cce11d7a,sub-843000,843000-202,VISp,VISp_0,379,0.43473914199835745,0.4496453814219809,0.1781900436338527,0.2958713306623344,0.5744277154011866,0.332993879942431,0.32229330945344564,0.1664585880199517,0.20207913009297654,0.45595399959219624,336
4beb9979-1b3d-48a1-885a-e656cce11d7a,sub-843000,843000-202,VISp,VISp_1,443,0.4629167361109067,0.48685339743500716,0.1843524476777796,0.3210880782281681,0.6189291703834487,0.35816619628476853,0.3421967444277947,0.16292001898542827,0.23470385495907395,0.4633256593740276,394
4beb9979-1b3d-48a1-885a-e656cce11d7a,sub-843000,843000-202,VISp,VISp_2,229,0.39712707778445144,0.39479658091982245,0.18048282063523857,0.26937505418319424,0.5417422902672889,0.2963633140952059,0.28623773939649794,0.14437270754891848,0.1848315623135708,0.3996135852388115,189
4beb9979-1b3d-48a1-885a-e656cce11d7a,sub-843000,843000-202,VISp,VISp_3,255,0.4566538561835744,0.46559157471215395,0.18535040422557073,0.3127074374587886,0.5994470803500558,0.3294347907652412,0.3197872786460085,0.1578355621478518,0.21127319214169954,0.44221063458960064,226
4beb9979-1b3d-48a1-885a-e656cce11d7a,sub-843000,843000-202,VISl,VISl_4,259,0.4419833768687312,0.4559610104409897,0.17803842626053068,0.3108929132013287,0.5955138679060334,0.38012476630893655,0.3822807622532315,0.17205744092047653,0.23974437172084406,0.5167770235924976,233
4beb9979-1b3d-48a1-885a-e656cce11d7a,sub-843000,843000-202,VISl,VISl_5,276,0.41320402448779403,0.41311197189994264,0.17383063589763664,0.2825074659205412,0.5368316116598998,0.33330213827849386,0.3190031270194622,0.160487985799816,0.2079533689560074,0.44796244805069885,241
4beb9979-1b3d-48a1-885a-e656cce11d7a,sub-843000,843000-202,VISl,VISl_6,123,0.3837961591734043,0.3657346338065275,0.1709998288432266,0.2573237725699563,0.5093571403981696,0.3106889282473408,0.3201194185768067,0.14464743024128743,0.19920219828559357,0.3968048621361495,104
4beb9979-1b3d-48a1-885a-e656cce11d7a,sub-843000,843000-202,VISl,VISl_7,148,0.4634400337546417,0.46436501870375546,0.19466453610121995,0.30612479541749565,0.6300990656488368,0.3227287228949989,0.30356021591491666,0.15256880278754842,0.19896661379256597,0.43496580429901166,132
619848dd-9737-40a4-80e8-dbb653391580,sub-843001,843001-202,VISp,VISp_0,402,0.4654759668560858,0.48810582289922033,0.18307405505123106,0.3187997063881468,0.6110083441689214,0.3910034677065075,0.386378300059374,0.17806591561281498,0.26015207790872025,0.5278384942769527,366
619848dd-9737-40a4-80e8-dbb653391580,sub-843001,843001-202,VISp,VISp_1,350,0.4953729114623822,0.5371422888655453,0.17418721460730519,0.36585575984522056,0.6465558636496764,0.335677831729859,0.333473951598411,0.15771421894098162,0.20447633028798665,0.445774197228459,323
619848dd-9737-40a4-80e8-dbb653391580,sub-843001,843001-202,VISp,VISp_2,180,0.41096495301069164,0.41247828896496697,0.17558404674208525,0.2732592901526266,0.5294332669921117,0.30335194281966715,0.30403997144464534,0.1363315814569658,0.2027722687613681,0.4137475737716502,155
619848dd-9737-40a4-80e8-dbb653391580,sub-843001,843001-202,VISp,VISp_3,228,0.5437104062407959,0.5772935704464528,0.17518605300378828,0.43175179330464014,0.6831527819097645,0.3236489601000565,0.3189757968022895,0.16224598222352038,0.20952036330404208,0.4486057607261004,217
619848dd-9737-40a4-80e8-dbb653391580,sub-843001,843001-202,VISl,VISl_4,351,0.4534177149548186,0.46644055960324077,0.17867140999696984,0.33368863437094903,0.6084561941639167,0.44711738680201374,0.4814066515073959,0.18606487099305985,0.30145264839070707,0.5850161006760314,310
619848dd-9737-40a4-80e8-dbb653391580,sub-843001,843001-202,VISl,VISl_5,211,0.5273896852924792,0.5684022523691931,0.18094430738117348,0.4107698832794403,0.678994985013688,0.3018811462462453,0.29264829212508253,0.1533265772399731,0.18153060453687947,0.4007702697501773,198
619848dd-9737-40a4-80e8-dbb653391580,sub-843001,843001-202,VISl,VISl_6,177,0.3998117279489614,0.4154449481281656,0.1666618182668339,0.27584481645160436,0.5176287324263776,0.3146869385433184,0.30185864651428296,0.14001417387236964,0.20601218511536964,0.4217779823624223,151
619848dd-9737-40a4-80e8-dbb653391580,sub-843001,843001-202,VISl,VISl_7,221,0.5102674636158431,0.5553017751096537,0.18784310663299505,0.39038296942146244,0.6627546938152622,0.3032503519612273,0.2871193443710082,0.15854647444217326,0.1732218325546999,0.41093646480001866,203
a737197c-ef50-4d43-8f15-ecebfb73b633,sub-832700,832700-202,VISp,VISp_0,360,0.42328682432938664,0.42828920618964744,0.17873722579593873,0.2846261791607466,0.5570492076799518,0.35629499770684664,0.34948750435671444,0.16238580136949826,0.2362345526974562,0.4724516051366445,313
a737197c-ef50-4d43-8f15-ecebfb73b633,sub-832700,832700-202,VISp,VISp_1,418,0.4669469253908656,0.47561539344404824,0.18567160445360942,0.3266442999428705,0.6312258894733445,0.3867014692849775,0.3816238749404606,0.17314162754629822,0.254978433895307,0.5218994820136268,380
a737197c-ef50-4d43-8f15-ecebfb73b633,sub-832700,832700-202,VISp,VISp_2,55,0.35356569241203795,0.3204298040663396,0.17325517820950434,0.2376178254698444,0.4683139736317167,0.27671110433217166,0.29167107508199913,0.13797187425796853,0.1608416576472813,0.3620073391571509,46
a737197c-ef50-4d43-8f15-ecebfb73b633,sub-832700,832700-202,VISp,VISp_3,246,0.5519462202134036,0.589552594917861,0.16998658560213933,0.4535829687798928,0.6764769848308836,0.33794764881531814,0.3213224687672147,0.17057220384489513,0.2022748355047329,0.45361103387562673,236
a737197c-ef50-4d43-8f15-ecebfb73b633,sub-832700,832700-202,VISl,VISl_4,335,0.404613870647746,0.405069824687417,0.1695295273726845,0.28068555772725473,0.5256761981033717,0.3466847752551608,0.344667815509824,0.16041034655476336,0.22463266374490337,0.471583941720079,295
a737197c-ef50-4d43-8f15-ecebfb73b633,sub-832700,832700-202,VISl,VISl_5,329,0.4224403046931596,0.41986746660696594,0.1786065089442153,0.2841276457518598,0.5571584603349686,0.3875210798136746,0.38502398787037495,0.17821860782329005,0.24607148399329634,0.5113755514648238,289
a737197c-ef50-4d43-8f15-ecebfb73b633,sub-832700,832700-202,VISl,VISl_6,108,0.37952164934685645,0.37716905061332234,0.17751873948194835,0.23554015449627447,0.5229972885664431,0.31879516871161356,0.3142715106115024,0.1533004766091703,0.20267536735956915,0.41448058009229416,88
a737197c-ef50-4d43-8f15-ecebfb73b633,sub-832700,832700-202,VISl,VISl_7,261,0.4730378421181409,0.48957850768579525,0.18349540522606633,0.3391677810185421,0.6287791293215699,0.3285104826566272,0.317066360616916,0.17404141416112578,0.2012612095802281,0.44670778122207483,237
59ff1c53-884c-4be4-a91e-e5ec9815f745,sub-832700,832700-202,VISp,VISp_0,350,0.3931390129616212,0.38701640611299604,0.17066041088040626,0.2638190841478856,0.5190524804930979,0.33817077039285215,0.3366251367357216,0.14726218129218266,0.22516849719868887,0.44699467329180415,307
59ff1c53-884c-4be4-a91e-e5ec9815f745,sub-832700,832700-202,VISp,VISp_1,409,0.4105665453720828,0.4231413345780417,0.17059585579769165,0.27651137127401215,0.5416176463770249,0.39055365425924327,0.40630761149968736,0.16587780273237118,0.2628927581376024,0.5084179034107019,362
59ff1c53-884c-4be4-a91e-e5ec9815f745,sub-832700,832700-202,VISp,VISp_2,63,0.381549234371908,0.38695890701984853,0.1735924665887327,0.22871949290242777,0.5029485077941155,0.30240681587032303,0.2740786445752204,0.16183458056437666,0.19203978857137532,0.42407834612684747,51
59ff1c53-884c-4be4-a91e-e5ec9815f745,sub-832700,832700-202,VISp,VISp_3,221,0.48228883035075276,0.5127472275716489,0.19388540576608862,0.3533021406709461,0.6403101022766602,0.30738379444622904,0.2974058425296005,0.1500497331032706,0.18752418468981322,0.42066668600408225,194
59ff1c53-884c-4be4-a91e-e5ec9815f745,sub-832700,832700-202,VISl,VISl_4,358,0.4182342480066055,0.4294015686648285,0.1727204836904523,0.2819424860547282,0.5531515491997786,0.33688528946681073,0.3232438238115577,0.14910324992235172,0.21589353351989377,0.4429475561548675,313
59ff1c53-884c-4be4-a91e-e5ec9815f745,sub-832700,832700-202,VISl,VISl_5,328,0.445682922017322,0.46887675967606035,0.19400516753131555,0.2885142506344358,0.6030780422838677,0.3687265903996765,0.35755502871972894,0.17308580332970563,0.23448807504782024,0.5071511992818515,281
59ff1c53-884c-4be4-a91e-e5ec9815f745,sub-832700,832700-202,VISl,VISl_6,110,0.4162302565657366,0.4397266802001635,0.17867165800358029,0.2914413344112085,0.5570096172660638,0.28116173773121034,0.27167854790309287,0.13816160689543003,0.17597969836484423,0.3638778682350352,93
59ff1c53-884c-4be4-a91e-e5ec9815f745,sub-832700,832700-202,VISl,VISl_7,279,0.48327318182323104,0.500363851212155,0.1852468269571065,0.34336893782311806,0.6399927525036517,0.3094364789927737,0.2943776822517054,0.1545293745208583,0.19416587680966604,0.40457411856132497,257
f1d479e8-1cc6-488e-a1ac-81bce0213e23,sub-843000,843000-202,VISp,VISp_0,386,0.4746520062829789,0.5108012317401185,0.18219188019607357,0.338653481450183,0.6226867428768178,0.34056385001378225,0.32343199972118264,0.17278773394089075,0.2065267918281843,0.45970123230642435,347
f1d479e8-1cc6-488e-a1ac-81bce0213e23,sub-843000,843000-202,VISp,VISp_1,459,0.48932730240974376,0.5020175423038745,0.17553768795673858,0.3701243333908255,0.6346241038742031,0.36771701027381876,0.3616257452266147,0.17557631791794673,0.22468166441009774,0.5040280652130408,424
f1d479e8-1cc6-488e-a1ac-81bce0213e23,sub-843000,843000-202,VISp,VISp_2,179,0.3996828018639172,0.4003708837418687,0.17406432290300272,0.277956387951942,0.5367595797863043,0.3337576530368405,0.3235196236118935,0.1706434844680091,0.1956605214597309,0.47063485910043934,153
f1d479e8-1cc6-488e-a1ac-81bce0213e23,sub-843000,843000-202,VISp,VISp_3,276,0.5275730820631251,0.555381478986922,0.18169365675794416,0.4150630924014932,0.6848102705410622,0.2970806539233674,0.28670925268702574,0.14382516901423198,0.1807236386929242,0.3955262848466342,258
f1d479e8-1cc6-488e-a1ac-81bce0213e23,sub-843000,843000-202,VISl,VISl_4,264,0.43183870331456925,0.4362552814511741,0.17745239071160324,0.28973184758633874,0.5667728587573665,0.39189784669536804,0.385952373855444,0.17267101245402305,0.2707463420048316,0.5346800642497189,237
f1d479e8-1cc6-488e-a1ac-81bce0213e23,sub-843000,843000-202,VISl,VISl_5,282,0.43016794050806595,0.4287240799660028,0.1681895919122827,0.3126480603030025,0.5653952138148842,0.40199875085812514,0.4095267912206846,0.17450393957909785,0.273149549440434,0.5502229110049163,251
f1d479e8-1cc6-488e-a1ac-81bce0213e23,sub-843000,843000-202,VISl,VISl_6,117,0.41170759096941223,0.40735453738743926,0.18086655059901885,0.26850976843122487,0.5611844569462168,0.3282625915619309,0.33022715076996007,0.1600141994935526,0.21703162077159713,0.43478529200446486,100
f1d479e8-1cc6-488e-a1ac-81bce0213e23,sub-843000,843000-202,VISl,VISl_7,177,0.44150575735904984,0.4408276166573397,0.18843531172037375,0.3085516239218973,0.578732480317803,0.33909738912847753,0.32881055018503214,0.15912654530161113,0.2098883325379011,0.45871032439669324,155
7e6e89f4-b429-4829-bf26-084fe2921812,sub-843000,843000-202,VISp,VISp_0,372,0.4563051136091969,0.4717137447731167,0.17788258289628237,0.31247387995917797,0.6068135398693866,0.3432486602976182,0.331078494062805,0.16726355646324909,0.21825021456288912,0.4568527087268517,339
7e6e89f4-b429-4829-bf26-084fe2921812,sub-843000,843000-202,VISp,VISp_1,462,0.45038271527466484,0.4601786779997689,0.17456462363290964,0.3163661548202168,0.5928771264770905,0.36510709932002233,0.3576912613976616,0.17162953483489635,0.2288142364424999,0.48343327120444474,416
7e6e89f4-b429-4829-bf26-084fe2921812,sub-843000,843000-202,VISp,VISp_2,214,0.40771799430685685,0.405863299359025,0.1846225955417006,0.25984001622836256,0.5571328371716642,0.29496656475243316,0.29426635615274055,0.137059118570234,0.1965242993856988,0.37819845801926877,178
7e6e89f4-b429-4829-bf26-084fe2921812,sub-843000,843000-202,VISp,VISp_3,263,0.4905958334724461,0.5153305435378719,0.18749564515854764,0.36053742705371095,0.6432679138454436,0.31349985317570994,0.30297970512683986,0.15408191035033444,0.20055615060185175,0.42575492244929997,241
7e6e89f4-b429-4829-bf26-084fe2921812,sub-843000,843000-202,VISl,VISl_4,255,0.4508647444196213,0.45500193025561647,0.17423874331428607,0.31127687381556857,0.5878096680013267,0.3781783554657487,0.3792582283703717,0.1733329821942392,0.23926942764704942,0.5249169028404607,230
7e6e89f4-b429-4829-bf26-084fe2921812,sub-843000,843000-202,VISl,VISl_5,279,0.4260710129323868,0.43609476846718775,0.17344868226569174,0.30451559377881066,0.5595174329981065,0.3559516344613392,0.3513936876712204,0.16717655891199232,0.23943425733217938,0.46121700757111683,249
7e6e89f4-b429-4829-bf26-084fe2921812,sub-843000,843000-202,VISl,VISl_6,136,0.41260141040889653,0.4311435650356096,0.16849352923331093,0.28437346145608344,0.5395192942339555,0.30834159652190296,0.2942370557901367,0.13770498984485952,0.20467626924415963,0.41590397325465106,118
7e6e89f4-b429-4829-bf26-084fe2921812,sub-843000,843000-202,VISl,VISl_7,167,0.4463073994798802,0.43810681636264287,0.20096247537146958,0.2839888543341374,0.6150142020058806,0.33580773893758004,0.3323110046832184,0.15957832581984477,0.21778600044690843,0.4206655341080122,141
0098c2a1-b6bd-4900-8507-e67a265c5c28,sub-843001,843001-202,VISp,VISp_0,417,0.4778998933688231,0.4909457147382548,0.16954551988657268,0.35955890758863335,0.620714116718641,0.3898435265266659,0.3894372697190869,0.1739027775389019,0.25342575394921196,0.5145583383250985,386
0098c2a1-b6bd-4900-8507-e67a265c5c28,sub-843001,843001-202,VISp,VISp_1,359,0.5010755102248755,0.5336951215603083,0.17099090379660764,0.3805628367251792,0.6425188609087006,0.3249597503542665,0.31395048235172346,0.1597140061721714,0.19729842422609756,0.43207541323999926,334
0098c2a1-b6bd-4900-8507-e67a265c5c28,sub-843001,843001-202,VISp,VISp_2,197,0.42829412501189723,0.44392167196745536,0.18089448587831156,0.2663621014364393,0.564206370015701,0.2954130271001115,0.28004740931788236,0.1449011773351106,0.18198867254760134,0.39731805286278316,175
0098c2a1-b6bd-4900-8507-e67a265c5c28,sub-843001,843001-202,VISp,VISp_3,237,0.505557220962028,0.5390149916249227,0.19348883800721875,0.3643490861378511,0.6694023897308911,0.32976593579758917,0.3188524868875213,0.1555733783190101,0.21880802307589808,0.4389458465830512,215
0098c2a1-b6bd-4900-8507-e67a265c5c28,sub-843001,843001-202,VISl,VISl_4,364,0.45089891544156124,0.4687697336830826,0.1729030597491791,0.3135514220961546,0.5916992846569208,0.4365621310359608,0.44462384401089144,0.182491600303555,0.3032587552959465,0.576050762251008,331
0098c2a1-b6bd-4900-8507-e67a265c5c28,sub-843001,843001-202,VISl,VISl_5,210,0.526348210166232,0.5530933369816349,0.17157565247233672,0.42107475620619506,0.6680024602877539,0.2772580180802533,0.24880023676527988,0.1408990448747711,0.1695527976077271,0.3708781490608741,198
0098c2a1-b6bd-4900-8507-e67a265c5c28,sub-843001,843001-202,VISl,VISl_6,179,0.38197157414676103,0.378047635473458,0.17219935854529198,0.2416494097266138,0.5223135402257935,0.30789291500797233,0.3090462935907596,0.1304697572656107,0.21755388270073095,0.40191753339262043,147
0098c2a1-b6bd-4900-8507-e67a265c5c28,sub-843001,843001-202,VISl,VISl_7,226,0.5006871299162565,0.5445488099942051,0.18816285663237764,0.34723375015495406,0.6666341286673019,0.31200004757831895,0.28869449006464326,0.1568792775487102,0.17454491266894073,0.43159486376403117,206
297f4f66-7dce-475d-a3db-e1019c2f65a0,sub-843000,843000-202,VISp,VISp_0,382,0.4656693562791712,0.4904496951904316,0.17751246108834956,0.34151053801170994,0.6089259745017033,0.34573221784183655,0.3355334191619369,0.17035956044219155,0.20327044433262356,0.46885475587099684,345
297f4f66-7dce-475d-a3db-e1019c2f65a0,sub-843000,843000-202,VISp,VISp_1,460,0.4661663362446744,0.47334635676882847,0.18076225952440556,0.33554576842953265,0.6175848802250137,0.38369086743577674,0.3753339787652032,0.1741767803223658,0.2512943974616876,0.4997293550883141,416
297f4f66-7dce-475d-a3db-e1019c2f65a0,sub-843000,843000-202,VISp,VISp_2,209,0.42768290366601,0.4444969919758028,0.19040231081000705,0.2775299450804283,0.5839583222103323,0.31096705783957346,0.3162158047217364,0.14148223026232157,0.20432540472137048,0.4026654764366144,176
297f4f66-7dce-475d-a3db-e1019c2f65a0,sub-843000,843000-202,VISp,VISp_3,270,0.47163184998596397,0.5055837796001599,0.19330151567428522,0.324442597444167,0.6249398943341535,0.3197792268832507,0.3118420222687275,0.15010967459401106,0.20194660637660913,0.4172516924791772,239
297f4f66-7dce-475d-a3db-e1019c2f65a0,sub-843000,843000-202,VISl,VISl_4,265,0.4683448014096003,0.4874079439894347,0.17345810416747692,0.3470061556513643,0.6156236212531804,0.3947303059817757,0.37936018712219466,0.18500021107702122,0.25111425749824595,0.5512471873801428,243
297f4f66-7dce-475d-a3db-e1019c2f65a0,sub-843000,843000-202,VISl,VISl_5,299,0.43609969842532714,0.4500018383327791,0.1755903271694516,0.3144832960287698,0.5811150178412819,0.3504468670938648,0.33854704461716334,0.16545526378470077,0.2251007197850433,0.45857749121978586,264
297f4f66-7dce-475d-a3db-e1019c2f65a0,sub-843000,843000-202,VISl,VISl_6,114,0.421108726682284,0.4376511789620384,0.17995270642473224,0.2781390894838585,0.5578607226267092,0.30101403446542835,0.28616930694413606,0.15291679332380415,0.2019153266474548,0.40716258842295766,97
297f4f66-7dce-475d-a3db-e1019c2f65a0,sub-843000,843000-202,VISl,VISl_7,191,0.4929905490627741,0.5160249046767843,0.18323843722002403,0.36411129300922174,0.6426570309536724,0.3072894154498872,0.2986203579988459,0.13619611322508662,0.20124534633140506,0.398450375461571,174
8ca8bf16-e047-42cb-8e1c-eba2ac69d7ae,sub-843001,843001-202,VISp,VISp_0,414,0.43151896556937275,0.4418761674544539,0.1857568509912735,0.2893735472216665,0.5771064008442882,0.3658686215221368,0.3678002337246492,0.17208668765555382,0.22334079041947025,0.4947135251581817,358
8ca8bf16-e047-42cb-8e1c-eba2ac69d7ae,sub-843001,843001-202,VISp,VISp_1,335,0.5023320985697257,0.5251231568616439,0.17832971351472093,0.38724848776223686,0.6432744358931384,0.2938908235647735,0.2817817720162441,0.15191620658057384,0.18386651051296876,0.3909430604830305,309
8ca8bf16-e047-42cb-8e1c-eba2ac69d7ae,sub-843001,843001-202,VISp,VISp_2,224,0.38538468810663656,0.3793802991304384,0.18020622184930285,0.24831463645664395,0.5217114076956215,0.29066674632434525,0.28113541055011176,0.14285417899692354,0.17972497494522746,0.3892322270528221,185
8ca8bf16-e047-42cb-8e1c-eba2ac69d7ae,sub-843001,843001-202,VISp,VISp_3,227,0.5114509989852212,0.5524693095445965,0.1894064986525464,0.3700711370710128,0.6759966298298746,0.3013858104251095,0.2729842633339105,0.16327112493693158,0.17754125705226642,0.417572198562313,210
8ca8bf16-e047-42cb-8e1c-eba2ac69d7ae,sub-843001,843001-202,VISl,VISl_4,355,0.4165786349216777,0.41140035329747987,0.18041652502378325,0.2855468922788962,0.5697833949861281,0.43212608545334064,0.4461330953797724,0.1799001063715628,0.29210677864460205,0.5775210184637618,304
8ca8bf16-e047-42cb-8e1c-eba2ac69d7ae,sub-843001,843001-202,VISl,VISl_5,211,0.5087332297176675,0.5448777493275092,0.18939008875822838,0.37484341895708456,0.6666442704421366,0.2905915676768093,0.2720760680805741,0.14195248573327468,0.18095644755266715,0.3887989254479642,192
8ca8bf16-e047-42cb-8e1c-eba2ac69d7ae,sub-843001,843001-202,VISl,VISl_6,189,0.3469338568617564,0.32568581527034846,0.18241396235248766,0.20069943136264093,0.4972635528336273,0.3078759658553354,0.30429930689662366,0.146802144096591,0.1922101453417048,0.40633458371102205,142
8ca8bf16-e047-42cb-8e1c-eba2ac69d7ae,sub-843001,843001-202,VISl,VISl_7,220,0.4727700506950122,0.493258556731884,0.20406254746476324,0.32478225807270855,0.6504520444016823,0.30519113587266933,0.2814047443980582,0.1511402819522039,0.1894367408333101,0.39700625870931805,192
e58c2dbd-bbd3-4497-9dd1-5ca4ff32f2df,sub-832700,832700-202,VISp,VISp_0,360,0.4074498429765952,0.3969569140484829,0.18109402190507162,0.27328417673587146,0.5550776625728322,0.32722252598902746,0.3053068524971143,0.16483059937866906,0.19889803208856746,0.446789969438821,313
e58c2dbd-bbd3-4497-9dd1-5ca4ff32f2df,sub-832700,832700-202,VISp,VISp_1,428,0.45924596221667263,0.47253591903519765,0.18616035030712302,0.3191411977177074,0.6041549908317931,0.35535158537592915,0.3508324767470691,0.16803948070133326,0.2228394193093081,0.48575051212049136,380
e58c2dbd-bbd3-4497-9dd1-5ca4ff32f2df,sub-832700,832700-202,VISp,VISp_2,66,0.3825872311012801,0.3529607057428479,0.18640164332131953,0.23743832738263732,0.5279522899816497,0.2723209468519417,0.258712362299652,0.14691930839491987,0.1778877617807192,0.36620048195631283,51
e58c2dbd-bbd3-4497-9dd1-5ca4ff32f2df,sub-832700,832700-202,VISp,VISp_3,230,0.55108464201959,0.5932168537251623,0.16417555086962032,0.4450745755914431,0.6862762439037321,0.3082085090238455,0.30105679454487777,0.1437968679339958,0.1984141753532624,0.40214768508161414,222
e58c2dbd-bbd3-4497-9dd1-5ca4ff32f2df,sub-832700,832700-202,VISl,VISl_4,350,0.4159779394968096,0.4291311734064308,0.17686184958949064,0.27944437510480796,0.5541972160780202,0.344759341552619,0.34018923626124664,0.16502540355753895,0.21186155123418585,0.46970503925983825,304
e58c2dbd-bbd3-4497-9dd1-5ca4ff32f2df,sub-832700,832700-202,VISl,VISl_5,347,0.43939357659876044,0.4487529484974203,0.17395087369149417,0.306710528756371,0.5775375041446222,0.3652732813552243,0.35158066133584975,0.1789284983331875,0.22313537082152335,0.4929987632124185,314
e58c2dbd-bbd3-4497-9dd1-5ca4ff32f2df,sub-832700,832700-202,VISl,VISl_6,103,0.3865945713777659,0.38691611137845255,0.17504083120848096,0.24775549953513293,0.5305183707915727,0.30079458356377853,0.27832321185340586,0.14604503600777166,0.1969319444907231,0.3989519725063753,85
e58c2dbd-bbd3-4497-9dd1-5ca4ff32f2df,sub-832700,832700-202,VISl,VISl_7,283,0.4938936724923464,0.5253261313567128,0.19053515938926416,0.35843878353797054,0.6498818500879047,0.31744529064286675,0.3043204032696562,0.16074318627454323,0.18427865182257044,0.42647038328827647,255
a295db47-712c-432e-be5d-b028b04636d2,sub-843000,843000-202,VISp,VISp_0,396,0.46622823579454603,0.4850979005659769,0.17098683660083935,0.34964740643312026,0.6006704891400572,0.356450830662191,0.35002850703859223,0.16941452293664988,0.2255300213954716,0.4878794982738891,366
a295db47-712c-432e-be5d-b028b04636d2,sub-843000,843000-202,VISp,VISp_1,477,0.48114501471944143,0.5008311956159932,0.1798190701683469,0.36170963659484,0.6324600084731293,0.36248160383237704,0.34627628453952974,0.17606189658876306,0.22288708624372852,0.48479977140475816,437
a295db47-712c-432e-be5d-b028b04636d2,sub-843000,843000-202,VISp,VISp_2,204,0.3891434794075916,0.37437111699642434,0.17401615531379638,0.25842182686886617,0.5123565803264458,0.3248169730936125,0.30289679310920337,0.15657117133068385,0.21248189108649837,0.43632364019592174,175
a295db47-712c-432e-be5d-b028b04636d2,sub-843000,843000-202,VISp,VISp_3,274,0.5053527736161328,0.5294278074423245,0.18118843987857958,0.3817748634763814,0.656311251841152,0.3272182718633723,0.3076627814960271,0.15849967451522107,0.21105043472625876,0.4305648035202883,255
a295db47-712c-432e-be5d-b028b04636d2,sub-843000,843000-202,VISl,VISl_4,265,0.44602684237459167,0.4601579915841298,0.1769762963000135,0.31342606809162576,0.596372208855522,0.41100979954108374,0.40343832974277183,0.16692614355736649,0.2693797979589066,0.5484644269815404,237
a295db47-712c-432e-be5d-b028b04636d2,sub-843000,843000-202,VISl,VISl_5,301,0.4141162910609755,0.4299761035462099,0.18133623767673732,0.2679822247117371,0.5601404137767313,0.3912143280458241,0.3945828674417793,0.1663016258071599,0.2678880800776353,0.5107738812372216,259
a295db47-712c-432e-be5d-b028b04636d2,sub-843000,843000-202,VISl,VISl_6,108,0.3809894195387249,0.3700008900802575,0.16826772045482213,0.2661902028335998,0.5105057198584613,0.3247253168952687,0.3032080776903088,0.15154474476796367,0.2145626919253231,0.4185844899809564,89
a295db47-712c-432e-be5d-b028b04636d2,sub-843000,843000-202,VISl,VISl_7,186,0.4591023358500723,0.5090112999382905,0.20082811212458707,0.2906836888625119,0.6322855760803386,0.34186923472140057,0.3330088251169973,0.15617155266690538,0.2265119505489286,0.445220205631543,159
2f350607-95ee-4887-88df-8a2578ea67d5,sub-843001,843001-202,VISp,VISp_0,412,0.4737095849076741,0.5036437208480866,0.17673247709122042,0.350300999020409,0.6103839525814143,0.3663719816850232,0.35944041384169445,0.17931973461081305,0.2152551235467306,0.5112815588938231,375
2f350607-95ee-4887-88df-8a2578ea67d5,sub-843001,843001-202,VISp,VISp_1,324,0.5127833033642416,0.5437880851955499,0.16777386160924745,0.39030346337817484,0.6469093841795261,0.31847455654656776,0.2919777303847643,0.15600886484288254,0.2137323381880132,0.41633682746831835,313
2f350607-95ee-4887-88df-8a2578ea67d5,sub-843001,843001-202,VISp,VISp_2,258,0.4401362567748874,0.4547932090978803,0.193200471956807,0.27356163127334165,0.592915601754012,0.2841882115983262,0.2812018514700776,0.1442240761457132,0.16285968930732325,0.3756631618718023,223
2f350607-95ee-4887-88df-8a2578ea67d5,sub-843001,843001-202,VISp,VISp_3,242,0.5339083850219893,0.5803885627666552,0.1799016635950209,0.3884358382839201,0.6867136011764275,0.2943293094123335,0.27965877121572635,0.16070739733330247,0.1521230120996041,0.4120218672615076,230
2f350607-95ee-4887-88df-8a2578ea67d5,sub-843001,843001-202,VISl,VISl_4,364,0.44559975101688665,0.45102914029143426,0.1788030484785513,0.30854254819706517,0.5953612352188309,0.42684146838733256,0.4247140465870559,0.18787647157630072,0.28676766114044105,0.5820903523984587,321
2f350607-95ee-4887-88df-8a2578ea67d5,sub-843001,843001-202,VISl,VISl_5,218,0.5121630922366143,0.5636427969351823,0.1938018026880296,0.4012081337668296,0.6685753617902298,0.28392617257929154,0.2654789429523198,0.1404960785607124,0.17503167701989927,0.38713084005026666,195
2f350607-95ee-4887-88df-8a2578ea67d5,sub-843001,843001-202,VISl,VISl_6,185,0.4019740364811309,0.40442912205060766,0.17490753457016256,0.27969460478066616,0.5522869162946136,0.2987053808321975,0.2992852632575625,0.13713360639268707,0.19685079586600365,0.3791939213804207,158
2f350607-95ee-4887-88df-8a2578ea67d5,sub-843001,843001-202,VISl,VISl_7,217,0.4937163048019316,0.520803704989779,0.1890673056489707,0.35313267788658487,0.6553409527964663,0.30336853478216314,0.28173242247422675,0.1560455835809413,0.17329358422562444,0.4151975742026981,199
f2fb4c05-687f-46d1-b145-a9d6b621ebdd,sub-832700,832700-202,VISp,VISp_0,374,0.40415885089212855,0.42382378770021256,0.18400367691744074,0.259096631339503,0.5403582236562349,0.3457546188054917,0.34903504197499857,0.16564081513201773,0.2066414674682272,0.47206075242372386,308
f2fb4c05-687f-46d1-b145-a9d6b621ebdd,sub-832700,832700-202,VISp,VISp_1,421,0.4721520095145594,0.4829917592822073,0.1837116045156052,0.328743646256298,0.6213146228987211,0.35705658683203956,0.3534132021042143,0.16400498846442685,0.23781352152286905,0.47967161486401877,383
f2fb4c05-687f-46d1-b145-a9d6b621ebdd,sub-832700,832700-202,VISp,VISp_2,58,0.29938783564943305,0.2876873640916989,0.16465877576965038,0.1716277280381434,0.42831750077832487,0.32056716844670907,0.296336491745956,0.13424359694642432,0.2323214483593407,0.3997833044541266,42
f2fb4c05-687f-46d1-b145-a9d6b621ebdd,sub-832700,832700-202,VISp,VISp_3,263,0.5476526241165758,0.5919919662557107,0.17228659491890774,0.45233252683981917,0.6805439983623722,0.33631479978036616,0.3215847642700333,0.15901617562951129,0.2168842087220874,0.4494752311517632,252
f2fb4c05-687f-46d1-b145-a9d6b621ebdd,sub-832700,832700-202,VISl,VISl_4,356,0.4002311591086756,0.4200080717320772,0.1726898076506644,0.27331353955377924,0.5289035703216904,0.34325365876712,0.3207913786825864,0.17331453522604087,0.20592632287449777,0.471787586064842,303
f2fb4c05-687f-46d1-b145-a9d6b621ebdd,sub-832700,832700-202,VISl,VISl_5,336,0.4434392370863858,0.4462773917120296,0.18123364486228796,0.31607545140601445,0.5852291827673343,0.38081502613994916,0.37586791323419627,0.1711939426894564,0.26385531926322237,0.5036309932288596,299
f2fb4c05-687f-46d1-b145-a9d6b621ebdd,sub-832700,832700-202,VISl,VISl_6,105,0.3388708634333832,0.3367208375358547,0.165057476469723,0.19988864832447387,0.4594609441858948,0.31875683996984505,0.30395598174679356,0.1496386201222266,0.22078951121537183,0.4133002796582184,78
f2fb4c05-687f-46d1-b145-a9d6b621ebdd,sub-832700,832700-202,VISl,VISl_7,286,0.4933111550344915,0.525272690760554,0.1836788489181811,0.37522489311417134,0.6404128193037106,0.3311183268725869,0.31884726428222254,0.14984184442571816,0.21629100023419978,0.4373852015436842,258
51a779b1-6b2e-41cc-97b6-6b199b5b86c5,sub-843000,843000-202,VISp,VISp_0,382,0.4720412107003519,0.4941782794220511,0.17857181557668175,0.3470775799842891,0.6250166776040726,0.36503671881580513,0.36545543153749904,0.16972131686066863,0.23476206890693893,0.4738624470150518,345
51a779b1-6b2e-41cc-97b6-6b199b5b86c5,sub-843000,843000-202,VISp,VISp_1,464,0.44614361999496227,0.46097796250734124,0.17659976226722582,0.3261762729968374,0.5879673099581448,0.4150649019215816,0.42348900179277427,0.17610805045410674,0.27685525362216795,0.5548919823513094,415
51a779b1-6b2e-41cc-97b6-6b199b5b86c5,sub-843000,843000-202,VISp,VISp_2,231,0.43268069551069654,0.42586335112750157,0.16995198038463655,0.30572886366688845,0.5542614571577316,0.278649991713704,0.26053566706737497,0.13358060718624443,0.18369395699705465,0.3805271833881452,211
51a779b1-6b2e-41cc-97b6-6b199b5b86c5,sub-843000,843000-202,VISp,VISp_3,270,0.5063002484387145,0.5189523697234286,0.1870318854296491,0.3877848828882568,0.6665202135003724,0.3053263402928212,0.2975400185765037,0.14338364231458214,0.19972921433474405,0.3973136594035557,246
51a779b1-6b2e-41cc-97b6-6b199b5b86c5,sub-843000,843000-202,VISl,VISl_4,268,0.47885426791854374,0.4874856550718478,0.1717095505532206,0.35544968628535384,0.6320193764346415,0.41242942246460357,0.4088807542277924,0.18203850641245792,0.28616950409975717,0.5530895751522483,248
51a779b1-6b2e-41cc-97b6-6b199b5b86c5,sub-843000,843000-202,VISl,VISl_5,277,0.4726066093964663,0.48589105071216393,0.17592709613876642,0.36457265462799554,0.6083864242758216,0.38304480585930134,0.3920752302434819,0.17662095788508617,0.2500510671399971,0.5148648467512534,253
51a779b1-6b2e-41cc-97b6-6b199b5b86c5,sub-843000,843000-202,VISl,VISl_6,133,0.4466586414644633,0.45008251504065194,0.18000483646805907,0.3258490367661777,0.5762830192337667,0.3070101254758363,0.2943587155609518,0.13842460712629506,0.2013779841913799,0.41186735620286596,118
51a779b1-6b2e-41cc-97b6-6b199b5b86c5,sub-843000,843000-202,VISl,VISl_7,188,0.4781575493838766,0.5028259210505194,0.18807039861498281,0.31910515409332907,0.6417170261588838,0.31040174921508246,0.2801679884615371,0.15724385458632686,0.19139261320702483,0.41839128738757697,172
78f5ca10-91fd-44f9-b7ca-703a042c9868,sub-843001,843001-202,VISp,VISp_0,418,0.4866462394284266,0.5144416375728587,0.1738914626172847,0.36532618538753203,0.6205352120277626,0.36712725012987957,0.36008128367747627,0.16603151319240786,0.24103775987572412,0.4866992980105014,385
78f5ca10-91fd-44f9-b7ca-703a042c9868,sub-843001,843001-202,VISp,VISp_1,347,0.4994935223278465,0.5337807964511816,0.17866400431570484,0.37259552064067725,0.6395256964222145,0.31834560113642435,0.2987558554901946,0.1442058948265688,0.21040796018832025,0.4119464278031943,322
78f5ca10-91fd-44f9-b7ca-703a042c9868,sub-843001,843001-202,VISp,VISp_2,210,0.4245458968334659,0.42413835800761535,0.18255975285453804,0.30035081030437993,0.5769387576405985,0.3020475873852827,0.2941999121575477,0.14219412318585403,0.18817027660812816,0.40039505784817675,181
78f5ca10-91fd-44f9-b7ca-703a042c9868,sub-843001,843001-202,VISp,VISp_3,246,0.5403898619864484,0.5854064349245649,0.19551828986544326,0.4185026688208901,0.7061474614862016,0.2949605735615009,0.27263466634872546,0.14688430149084034,0.18421909800643138,0.41449220824386396,226
78f5ca10-91fd-44f9-b7ca-703a042c9868,sub-843001,843001-202,VISl,VISl_4,354,0.4628732564595568,0.4792348651721744,0.16893150221696573,0.328843282509097,0.6048149400733498,0.42717815840392126,0.4486520425051833,0.1787436968677154,0.27356315062387937,0.5718838239583443,327
78f5ca10-91fd-44f9-b7ca-703a042c9868,sub-843001,843001-202,VISl,VISl_5,211,0.5245479965911654,0.5579801835191148,0.17154203652241645,0.4002991042115699,0.6628792903317433,0.29084426211705305,0.29233477948319986,0.15074739449326563,0.16676308883178179,0.39024697825424887,201
78f5ca10-91fd-44f9-b7ca-703a042c9868,sub-843001,843001-202,VISl,VISl_6,188,0.4101963900047057,0.42028763493900745,0.17139048405633528,0.2896552746552789,0.5549053427842109,0.3206047406146561,0.30878445898845674,0.15599418607267637,0.20114511905311738,0.42129678074446664,158
78f5ca10-91fd-44f9-b7ca-703a042c9868,sub-843001,843001-202,VISl,VISl_7,226,0.5081829787482318,0.5469526695036134,0.18503686912460274,0.38526884546402684,0.6543669548413208,0.30590563343427607,0.28627441386366254,0.1522543177443726,0.18508883946773785,0.4189863283546344,209
457db8a9-5431-4c68-a0c3-be6cb28449e1,sub-843000,843000-202,VISp,VISp_0,393,0.47886181144833445,0.4894829966592998,0.1760602073035513,0.34816393163131826,0.625602173448883,0.3495739102372551,0.3460850842304026,0.17484784450294372,0.20211896020483164,0.47625572235121116,361
457db8a9-5431-4c68-a0c3-be6cb28449e1,sub-843000,843000-202,VISp,VISp_1,471,0.4806756451179819,0.48641417392744685,0.17475649618535033,0.36828146968424336,0.6238143202899478,0.3510883951050985,0.341079412879605,0.17513952108341097,0.21738196412033067,0.4869068047592504,437
457db8a9-5431-4c68-a0c3-be6cb28449e1,sub-843000,843000-202,VISp,VISp_2,224,0.41740406070351227,0.4237519077449538,0.17970099984253093,0.286820302813114,0.5713469203984654,0.3148651419417427,0.3080627308474888,0.1493456701190195,0.20114598547757487,0.42513916628553294,194
457db8a9-5431-4c68-a0c3-be6cb28449e1,sub-843000,843000-202,VISp,VISp_3,265,0.5316394199027938,0.5815691928341435,0.17116453422273162,0.4080963802796884,0.6667035086927439,0.30247261698155997,0.2954017464989749,0.14993128612384687,0.18629560338407852,0.4204796982018036,253
457db8a9-5431-4c68-a0c3-be6cb28449e1,sub-843000,843000-202,VISl,VISl_4,260,0.44778239427629496,0.4660076757299335,0.17962694567964954,0.31815920844265366,0.5910010825127237,0.38613389404002796,0.38791729086435656,0.17316863858891535,0.2566874269046686,0.5278571408261177,231
457db8a9-5431-4c68-a0c3-be6cb28449e1,sub-843000,843000-202,VISl,VISl_5,295,0.41626292794242714,0.4318226042581906,0.1688768785417941,0.27987770010903745,0.5559100744705276,0.40201032941140663,0.409775569225962,0.1739022834125643,0.2756636816758685,0.5159571134750327,259
457db8a9-5431-4c68-a0c3-be6cb28449e1,sub-843000,843000-202,VISl,VISl_6,125,0.41890821002379264,0.41461858222382303,0.1892371844750892,0.26216840773748046,0.5750645330319354,0.3282894304223209,0.31561299665503645,0.14476285965429064,0.22785523489023538,0.4073399269236277,109
457db8a9-5431-4c68-a0c3-be6cb28449e1,sub-843000,843000-202,VISl,VISl_7,174,0.44855307583887377,0.46917047584620886,0.1839227765406857,0.3022723143830106,0.5992416650118754,0.3570685912890363,0.3554669442983174,0.16551868471334738,0.22783779863721731,0.475178872931892,153
ab44a0f7-2864-4a30-8988-0b76aec28fa6,sub-832700,832700-202,VISp,VISp_0,374,0.4279403041821556,0.4293108517812041,0.1794725201917903,0.28318436367085575,0.5745827880086272,0.32671004760416866,0.31541280694936297,0.16291212817025194,0.19779098277151283,0.44144460502676547,327
ab44a0f7-2864-4a30-8988-0b76aec28fa6,sub-832700,832700-202,VISp,VISp_1,403,0.44037863673234806,0.45126521951682286,0.18405605601874767,0.3070377601562181,0.586254915022906,0.42011417631983267,0.43129825067015515,0.18774218602309367,0.27879473838228,0.5693882887573332,356
ab44a0f7-2864-4a30-8988-0b76aec28fa6,sub-832700,832700-202,VISp,VISp_2,65,0.4396526524135686,0.42895526690531166,0.19146988565654677,0.2963936418197593,0.5947025360086791,0.2662813730525229,0.23731063399429225,0.13293044571631615,0.14618895237487478,0.3327545271685422,58
ab44a0f7-2864-4a30-8988-0b76aec28fa6,sub-832700,832700-202,VISp,VISp_3,257,0.4870080797952149,0.49682638599329493,0.18392946877571384,0.3584181951522869,0.6423942545866098,0.29121143119333076,0.2702851172067152,0.1370334493952609,0.19375841115992115,0.39235989170526364,236
ab44a0f7-2864-4a30-8988-0b76aec28fa6,sub-832700,832700-202,VISl,VISl_4,354,0.42504285240759543,0.4208883606442838,0.16983648574145252,0.31266935615031666,0.5617007915980994,0.34181445564187013,0.3489228487241359,0.15524489375111522,0.21369737346082196,0.4568671673613276,316
ab44a0f7-2864-4a30-8988-0b76aec28fa6,sub-832700,832700-202,VISl,VISl_5,338,0.4753734863279556,0.5036524651440695,0.18043407763028943,0.3566479884569099,0.6171391389557499,0.37098230385209513,0.3608547820539014,0.17213967671618005,0.2272741616221338,0.5087771733516202,305
ab44a0f7-2864-4a30-8988-0b76aec28fa6,sub-832700,832700-202,VISl,VISl_6,120,0.3936060741738977,0.3598569747859244,0.16938941459354417,0.2726302738282222,0.5225628755906881,0.27646937274442324,0.2687681210624874,0.13854338896291507,0.1602822076787213,0.3764919870700939,106
ab44a0f7-2864-4a30-8988-0b76aec28fa6,sub-832700,832700-202,VISl,VISl_7,299,0.49542015537851763,0.5136684248345709,0.18216673335475847,0.38182598923756617,0.6447907107927614,0.3121500038903483,0.29457756016907,0.15362041647378213,0.19091169906305105,0.4219139539851212,276
6b1dd87a-6a03-403a-8c6b-633d95abddab,sub-832700,832700-202,VISp,VISp_0,384,0.42410885412983673,0.4187805292441671,0.18278468125359773,0.27967167534347526,0.572279413088189,0.32390162103151243,0.31770799449504805,0.16107753961666899,0.18875617498687527,0.43904708087695066,332
6b1dd87a-6a03-403a-8c6b-633d95abddab,sub-832700,832700-202,VISp,VISp_1,457,0.4531875148466325,0.474005226184859,0.1811719517200703,0.3252328289568236,0.5965611753285548,0.39438538805774803,0.39739319529500666,0.18480653618492607,0.24923727298849327,0.5457505364885107,406
6b1dd87a-6a03-403a-8c6b-633d95abddab,sub-832700,832700-202,VISp,VISp_2,57,0.4427626454472123,0.44881820715075155,0.1808461569625686,0.27866355180595775,0.5830329414094941,0.25216971234561764,0.22013925355074532,0.13401266279776017,0.16881621755605877,0.3563223259973571,51
6b1dd87a-6a03-403a-8c6b-633d95abddab,sub-832700,832700-202,VISp,VISp_3,267,0.4854449770205499,0.49662161294471685,0.1937979980599902,0.33985436786372036,0.657469614586336,0.3002031747413399,0.27636806342571474,0.15753259947376774,0.17896809358507004,0.40588918381642086,244
6b1dd87a-6a03-403a-8c6b-633d95abddab,sub-832700,832700-202,VISl,VISl_4,330,0.41568381915391833,0.41663699238632435,0.18020387148068256,0.26739553012649103,0.557673513052019,0.3239143745818299,0.3133030309115898,0.14865852311300998,0.19467324021553306,0.43970304630413887,280
6b1dd87a-6a03-403a-8c6b-633d95abddab,sub-832700,832700-202,VISl,VISl_5,361,0.4821062104716646,0.4992539184655594,0.17971982329992744,0.3597515950919578,0.631179892072978,0.37261936461796896,0.3726985543266129,0.17771018898244015,0.23073725961687097,0.508309375672549,331
6b1dd87a-6a03-403a-8c6b-633d95abddab,sub-832700,832700-202,VISl,VISl_6,114,0.41809819076927573,0.4069315829556437,0.18050713422422318,0.2810184262639845,0.5760089454089727,0.3037653727435458,0.29758348485447483,0.15498035051341288,0.17684234333448662,0.3985061282530711,98
6b1dd87a-6a03-403a-8c6b-633d95abddab,sub-832700,832700-202,VISl,VISl_7,300,0.5150333802971604,0.5460720417120402,0.1820895053292814,0.3942150339627025,0.666242515928529,0.2976831076966522,0.2864961125037149,0.14857749707247514,0.1864789540211604,0.3802166436117072,281
892b9ebd-f762-4025-8122-4694b736a96e,sub-843001,843001-202,VISp,VISp_0,425,0.46780869816433657,0.4769776926158611,0.1756236309423549,0.34650090779890863,0.6081337487799136,0.37396086640283055,0.3689945091220223,0.16677695393454758,0.23839233346800875,0.4890173221409992,388
892b9ebd-f762-4025-8122-4694b736a96e,sub-843001,843001-202,VISp,VISp_1,347,0.5189352952194408,0.5567275286532719,0.17570671208118838,0.4020792881067913,0.6587145576868345,0.29863975331207027,0.28254794149945833,0.16219463484110666,0.164094952072151,0.39099904686144726,328
892b9ebd-f762-4025-8122-4694b736a96e,sub-843001,843001-202,VISp,VISp_2,238,0.4341588865200335,0.44658745379286613,0.17854625900126797,0.31248507395679437,0.5697637186402658,0.2787873828827438,0.2486315714743955,0.15315999591479057,0.15829646022319901,0.36816190611813615,209
892b9ebd-f762-4025-8122-4694b736a96e,sub-843001,843001-202,VISp,VISp_3,240,0.5251703580223894,0.5681572245248185,0.1793710571447565,0.38488101255637,0.6729891107995016,0.3039046176800481,0.2819564506432367,0.15602270194821413,0.1833756121219589,0.42366353992066036,226
892b9ebd-f762-4025-8122-4694b736a96e,sub-843001,843001-202,VISl,VISl_4,382,0.4325774307598854,0.448142567142912,0.1843719410088418,0.27456242814629495,0.5752665706630317,0.4439406860954304,0.4651643818192649,0.18486585809009184,0.3037712083282264,0.5911335435718549,336
892b9ebd-f762-4025-8122-4694b736a96e,sub-843001,843001-202,VISl,VISl_5,227,0.5488039822716636,0.5972395413690876,0.1767452256697158,0.45566660288027316,0.6900026316700512,0.2735290786888399,0.24726133686542776,0.1399056538378272,0.16069396454208135,0.36076466963588627,214
892b9ebd-f762-4025-8122-4694b736a96e,sub-843001,843001-202,VISl,VISl_6,195,0.39496127311947415,0.4049089042514417,0.16910073172401185,0.2699734514122799,0.5129690299047078,0.2765028125983607,0.2610482675181133,0.14578493167597312,0.1649997122264829,0.36113539758912105,165
892b9ebd-f762-4025-8122-4694b736a96e,sub-843001,843001-202,VISl,VISl_7,247,0.481984265205251,0.5113180409650053,0.1965827771271223,0.3399958216890082,0.6444390789892003,0.2851480292955395,0.2687750960410726,0.1635866172578816,0.1578308373448796,0.3948788426111685,222
